-- phpMyAdmin SQL Dump
-- version 5.0.4
-- https://www.phpmyadmin.net/
--
-- Host: 127.0.0.1
-- Waktu pembuatan: 24 Jul 2021 pada 15.57
-- Versi server: 10.4.17-MariaDB
-- Versi PHP: 7.4.13

SET SQL_MODE = "NO_AUTO_VALUE_ON_ZERO";
START TRANSACTION;
SET time_zone = "+00:00";


/*!40101 SET @OLD_CHARACTER_SET_CLIENT=@@CHARACTER_SET_CLIENT */;
/*!40101 SET @OLD_CHARACTER_SET_RESULTS=@@CHARACTER_SET_RESULTS */;
/*!40101 SET @OLD_COLLATION_CONNECTION=@@COLLATION_CONNECTION */;
/*!40101 SET NAMES utf8mb4 */;

--
-- Database: `db_notaris`
--

-- --------------------------------------------------------

--
-- Struktur dari tabel `admin`
--

CREATE TABLE `admin` (
  `id` varchar(10) NOT NULL,
  `nama` varchar(50) NOT NULL,
  `alamat` text NOT NULL,
  `hp` varchar(13) NOT NULL,
  `email` varchar(100) NOT NULL,
  `akses` int(11) NOT NULL,
  `username` varchar(40) NOT NULL,
  `password` varchar(255) NOT NULL,
  `foto` varchar(255) NOT NULL DEFAULT 'default.jpg'
) ENGINE=InnoDB DEFAULT CHARSET=latin1;

--
-- Dumping data untuk tabel `admin`
--

INSERT INTO `admin` (`id`, `nama`, `alamat`, `hp`, `email`, `akses`, `username`, `password`, `foto`) VALUES
('0ESyxnzjPC', 'NIRWANA', 'Jambi', '085273474569', 'nirwana2710@gmail.com', 0, 'nirwana', '$2y$10$DD2YNE58zpTZc2Q7.79iwOFQUltHUzxwussk8MKZ3/Zy0.ZZJ9ssu', 'default.jpg'),
('49jFbOIWdK', 'Sitijariya', 'Jl. Di panjaitan  rt. 37 no. 99 kec. Jelutung kota jambi kelas. Jelutung', '0895604859870', 'sitijariya17@gmail.com', 0, 'siti', '$2y$10$rGqzrcfAEYllJHuxD8CHQOs2cJ6bvi7YnRrMgYAqpXY5FMtnGUF7u', 'default.jpg'),
('A4zI9ltsL1', 'RAHMADHANI HIDAYAT, SH.M.Kn', 'JAMBI', '0823800008999', 'coba@gmail.com', 1, 'admin', '$2y$10$Tcf4Lxj2qRxYTKkjHD1ghOk6fKkKs6.8aM8KRkpuBLFDacC37QC3e', 'A4zI9ltsL1.png'),
('D2vfwaVi7G', ' Etik rejeki', 'Ggg', '085382368842', 'etikrejeki@gmail.com', 0, 'Etik', '$2y$10$BtsA5QX.h7JDSeQTdrMlM.tHrPYAHAgIesPLOdt6VOqB/M.TL9SEy', 'default.jpg'),
('TlyPrsIbUQ', 'Ibnu Haritsyah', 'jambi\r\n', '081379830918', 'ibnuharitsyahbrl@gmail.com', 1, 'ibnu', '$2y$10$WyepCfDAtd/bvyCGa2Fi0.IkhcisB/7D3aJVp6PGplpbZrlk6owsS', 'TlyPrsIbUQ.jpg');

-- --------------------------------------------------------

--
-- Struktur dari tabel `akta`
--

CREATE TABLE `akta` (
  `id` int(11) NOT NULL,
  `klien` varchar(10) NOT NULL,
  `no_berkas` varchar(50) NOT NULL,
  `tgl_akta` date NOT NULL,
  `sifat_akta` varchar(100) NOT NULL,
  `no_akta` varchar(50) NOT NULL,
  `keterangan` text NOT NULL
) ENGINE=InnoDB DEFAULT CHARSET=latin1;

--
-- Dumping data untuk tabel `akta`
--

INSERT INTO `akta` (`id`, `klien`, `no_berkas`, `tgl_akta`, `sifat_akta`, `no_akta`, `keterangan`) VALUES
(7, '111', '12', '2020-12-24', 'PERUBAHAN ANGGARAN DASAR CV.ARPI MUJA INTER MEDIA', '12', 'AKTA BARU'),
(8, '113', '04', '2020-11-26', 'AKTA PERDAMAIAN (DADING)', '04', 'AKTA BARU'),
(9, '119', '1 NOTARIS', '2021-01-04', 'KUASA PENGURUSAN', '1', 'KANTOR'),
(10, '115', '2 NOTARIS', '2021-01-04', 'KUASA PENGURUSAN', '2', 'KANTOR'),
(11, '118', '3 NOTARIS', '2021-01-11', 'KUASA PENGURUSAN', '3', 'KANTOR'),
(12, '120', '4 NOTARIS', '2021-01-11', 'KUASA', '4', 'BANG IIK'),
(13, '139', '10', '2021-01-25', 'AKTA PENDIRIAN YAYASAN  ASHABUL KHOMAS TANJUNG ', '10', 'YAYASAN ASHABUL KHOMSAH TANJUNG '),
(14, '140', '8', '2021-02-09', 'AKTA PELUNASAN ', '8', 'AKTA PELUNASAN '),
(15, '283', '09', '2021-03-09', 'KUASA UNTUK MENJUAL ', '09', 'NAMA NAMA YANG TERKAIT : YURNALIS,IRZA YENNI, HENDRIATI,GUSTIN,GUSPIN,M.FEBRIZAL.\r\n'),
(16, '289', '10 NOTARIS', '2021-03-09', 'KUASA UNTUK MENJUAL ', '10', 'AKTA BARU '),
(17, '289', '08 NOTARIS', '2021-03-09', 'KUASA UNTUK MENJUAL ', '08', 'AKTA BARU '),
(18, '290', '03 NOTARIS', '2020-11-26', 'PENDIRIAN PERKUMPULAN KELOMPOK TANI KARYA MANDIRI MARGA RAGAYU DESA BERKAH ', '03', 'AKTA BARU \r\n'),
(19, '291', '09 NOTARIS ', '2021-02-24', 'KUASA PENGAMBILAN ', '09', 'AKTA BARU '),
(20, '292', '01 Notaris', '2020-11-02', 'KUASA UNTUK MENJUAL', '01', ''),
(21, '293', '3 NOTARIS', '2020-11-26', 'PENDIRIA PERKUMPULA KELOMPOK TANI KARYA MANDIRI MARGA RAHAYU DESA BERKAH ', '3', ''),
(22, '294', '4 NOTARIS ', '2021-04-10', 'KUASA', '4', ''),
(23, '295', '8 NOTARIS', '2021-02-18', 'PERIKATAN JUAL BELI ', '8', ''),
(24, '297', '07 NOTARIS', '2021-02-18', 'KUASA UNTUK MENJUAL', '07', ''),
(25, '297', '06 NOTARIS', '2021-02-11', 'KUASA PENGAMBILAN ', '06', ''),
(26, '299', '05 BERKAS', '2021-02-11', 'KUASA PEMBAGIAN HAK BERSAMA', '05', ''),
(27, '300', '03 NOTARIS ', '2021-02-05', 'KUASA UNTUK MENJUAL ', '03', ''),
(28, '301', '02 NOTARIS', '2021-02-05', 'KUASA', '02', ''),
(29, '302', '01 NOTARIS', '2021-02-05', 'KUASA', '01', ''),
(30, '303', '01 NOTARIS', '2021-03-02', 'KUASA PENGURUSAN', '01', ''),
(31, '306', '14 NOTARIS', '2021-03-19', 'KUASA', '14', ''),
(32, '308', '04 NOTARIS', '2021-04-08', 'KUASA JUAL ', '04', ''),
(33, '309', '02 NOTARIS', '2021-04-01', 'PERIKATAN JUAL BELI ', '02', ''),
(34, '310', '01 NOTARIS', '2021-04-01', 'PERNYATAAN KEPUTUSAN RAPAT PUSAT KEGIATAN BELAJAR MASYARAKAT BINA MANDIRI ', '01', ''),
(35, '311', '03 NOTARIS ', '2021-04-01', 'PERIKATAN JUAL BELI ', '3', 'NAMA NAMA YANG BERSANGKUTAN : AMNA,LISNAWATI , JUNAIDI, NASRUN '),
(36, '314', '17 NOTARIS', '2021-03-30', 'KUASA DAN PERSETUJUAN ', '17 ', 'YANG BERSANGKUTAN : HENDRY ZAKARIA, AMBO ANGKA '),
(37, '316', '10', '2021-04-16', 'PENDIRIAN ', '10', 'PERKUMPULAN PETANI PEMAKAI AIR (P3A) \'\'TUNAS MUDO MANDIRI\'\' DESA TUNAS MUDO  '),
(38, '323', '09 NOTARIS ', '2021-04-15', 'PERKUMPULAN PETANI PEMAKAI AIR (P3A) \'\'HARAPAN MAJU\'\' DESA TUNAS BARU ', '09', 'NAMA-NAMA YANG TERKAIT \r\n1. SAKIMAN\r\n2.MAT MUKTI\r\n3.A.YANI '),
(39, '324', '06 NOTARIS', '2021-04-15', 'PENDIRIAN PERKUMPULAN PETANI PEMAKAI AIR ( P3A)', '06', 'NAMA-NAMA YANG BERSANGKUTAN\r\n1.SAMSU\r\n2.DARANI\r\n3.MASHUR\r\n4.YAHYA'),
(40, '325', '10 NOTARIS', '2021-04-16', 'PENDIRIAN PERKUMPULAN PETANI PEMAKAI AIR (P3A) \'\'TUNAS MUDO MANDIRI\'\' DESA TUNAS MUDO ', '10', 'NAMA NAMA YANG BERSANGKUTAN \r\nSAMSIR\r\nSOPIAN\r\nSANUBI \r\n'),
(41, '326', '05 Notaris', '2021-01-14', 'KUASA ', '05', 'PEMBERI KUASA MUCHDIAN '),
(42, '327', '08 NOTARIS', '2021-01-21', 'AKTA PELUNASAN ', '08', 'pihak pertama NYONYA HJ.HASIBIAH '),
(43, '328', '25 NOTARIS', '2021-04-26', 'KUASA UNTUK MENJUAL ', '25', ''),
(44, '329', '24 NOTARIS', '2021-04-26', 'KUASA UNTUK MENJUAL ', '24', ''),
(45, '338', '03 notaris', '2021-03-04', 'Perjanjian pengikatan jual beli ', '03 Notaris', ''),
(46, '338', '05 Notaris', '2021-03-04', 'KUASA PENGAMBILAN ', '05', ''),
(47, '339', '02', '2021-03-02', 'KUASA PENGURUSAN', '02', ''),
(48, '340', '07 NOTARIS', '2021-03-04', 'KUASA JUAL', '07', ''),
(50, '307', '15 NOTARIS', '2021-03-22', 'PELEPASAN HAK ATAS TANAH ', '15', ''),
(51, '307', '16 NOTARIS', '2021-03-22', 'PELEPASAN HAK ATAS TANAH ', '16', ''),
(52, '343', '04', '2021-03-04', 'KUASA UNTUK MENJUAL ', '04', ''),
(53, '344', '12 NOTARIS', '2021-03-09', 'KUASA PENGAMBILAN ', '12', ''),
(54, '344', '11 NOTARIS', '2021-03-09', 'KUASA PELUNASAN', '11', ''),
(55, '344', '04 NOTARIS', '2021-02-10', 'KUASA', '04', ''),
(56, '345', '04 NOTARIS', '2021-06-23', 'KUASA', '04', 'NAMA NAMA YANG BERSANGKUTAN \r\nSUPARMIYATI\r\nTOTO.W\r\nSRIYONO\r\nNOFRIYANTI\r\nJULIANTO'),
(57, '346', '03 NOTARIS', '2021-06-22', 'KUASA PENGAMBILAN SERTIFIKAT ', '03', ''),
(58, '347', '01 NOTARIS', '2021-06-10', 'KUASA UNTUK MENJUAL ', '01', ''),
(59, '348', '02', '2021-05-31', 'PERKUMPULAN PETANI PEMAKAI AIR P3A \'\'RENGAS SEMBILAN \'\' DESA MUARO JAMBI ', '02', 'NAMA NAMA YANG BERSANGKUTAN \r\nTUAN ASMARA \r\nTUAN HOLIDI\r\nTUAN A.RAPIQI'),
(60, '349', '01 NOTARIS', '2020-10-12', 'KUASA UNTUK MENJUAL ', '01', 'NAMA NAMA YANG BERSANGKUTAN \r\nNYONYA PARIYAH \r\nNYONYA WARTI\r\nTUAN SARING '),
(61, '350', '02 NOTARIS', '2020-10-20', 'AKTA  PENDIRIAN YAYASAN PENDIDIKAN BUNGA TANJUNG SEMBUBUK ', '02', ''),
(62, '351', '04 NOTARIS', '2020-11-23', 'KUASA UNTUK MENJUAL ', '04', '\r\n'),
(63, '352', '05 Notaris', '2020-10-26', 'KUASA PENGAMBILAN ', '05', 'UNTUK PENGAMBILAN SERTIFIKAT HAK MILIK NOMOR 148/DANAU LAMO '),
(64, '354', '03 NOTARIS', '2020-07-01', 'PERJANJIAN KERJASAMA', '03', ''),
(65, '356', '16 NOTARIS', '2020-09-30', 'BERITA ACARA PEMASUKAN DAN PERUBAHAN ANGGARAN DASAR PERSEROAN \'CV.BERKAH BUMI DAN LANGIT\'\'', '16', ''),
(66, '357', '12 NOTARIS', '2020-09-29', 'KUASA UNTUK MENJUAL ', '12', ''),
(67, '359', '09 NOTARIS ', '2020-09-18', 'PELEPASAN HAK ATAS TANAH ', '09', ''),
(68, '360', '06 NOTARIS', '2020-09-15', 'KUASA', '06', ''),
(69, '361', '14 NOTARIS', '2020-09-29', 'KUASA UNTUK MENJUAL ', '14', 'NAMA NAMA YANG BERSANGKUTAN DI DALAM AKTA INI , \r\nNYONYA YUSMAWATI,TUAN DEDI SUPRIYANTO , TUAN JUBRI , TUAN FAUZI ,TUAN SAIFUL,NYONYA NURBAYA , NYONYA HOTNA ERLAWATI , NYONYA EMI PURNIMAWATI , NYONYA RITA YENI, TUAN POCHRI, TUAN MAHYUDIN,TUAN SAHRONI,NYONYA NURASIA,TUAN KOSIM\'S,NYONYA NURBAITI,NYONYA FATIMAH,TUAN M.SAYUTI,DAN YANG MENERIMA KUASA TUAN A.RAHMAN '),
(70, '362', '04 NOTARIS', '2020-09-09', 'KUASA UNTUK MENJUAL ', '4', ''),
(71, '326', '06 NOTARIS', '2021-01-14', 'KUASA', '06', ''),
(72, '364', '19 NOTARIS', '2021-04-17', 'PELEPASAN HAK ATAS TANAH ', '19', ''),
(73, '364', '22 NOTARIS', '2021-04-17', 'PELEPASAN HAK ATAS TANAH ', '22', ''),
(74, '364', '20 NOTARIS', '2021-04-17', 'PELEPASAN HAK ATAS TANAH ', '20', ''),
(75, '364', '21 NOTARIS', '2021-04-17', 'PELEPASAN HAK ATAS TANAH ', '21', ''),
(76, '366', '16 NOTARIS', '2021-04-17', 'PELEPASAN HAK ATAS TANAH ', '16', ''),
(77, '367', '14 NOTARIS', '2021-04-17', 'PELEPASAN HAK ATAS TANAH ', '14', '');

-- --------------------------------------------------------

--
-- Struktur dari tabel `berkas`
--

CREATE TABLE `berkas` (
  `id` int(11) NOT NULL,
  `no_berkas` varchar(10) NOT NULL,
  `tgl` date NOT NULL,
  `nama_dan_no` varchar(50) NOT NULL,
  `pembeli` int(11) NOT NULL,
  `pengorder` int(11) NOT NULL,
  `jenis` varchar(50) NOT NULL,
  `ploting` varchar(50) NOT NULL,
  `pbb` varchar(50) NOT NULL,
  `bphtb` varchar(50) NOT NULL,
  `pph` varchar(50) NOT NULL,
  `dok_pertama` varchar(150) NOT NULL,
  `dok_kedua` varchar(150) NOT NULL,
  `petugas` varchar(10) NOT NULL,
  `keterangan` text NOT NULL
) ENGINE=InnoDB DEFAULT CHARSET=latin1;

--
-- Dumping data untuk tabel `berkas`
--

INSERT INTO `berkas` (`id`, `no_berkas`, `tgl`, `nama_dan_no`, `pembeli`, `pengorder`, `jenis`, `ploting`, `pbb`, `bphtb`, `pph`, `dok_pertama`, `dok_kedua`, `petugas`, `keterangan`) VALUES
(5, '261', '2020-11-11', 'SHM.NO.01884/an. JEFRI SAPUTRA', 22, 6, '', '', 'PROSES BUAT PBB', 'SUDAH SELESAI', 'SUDAH SELESAI ', '', '', 'A4zI9ltsL1', 'Berkas masih di kantor sertifikat sudah di ambil'),
(6, '262', '2020-11-11', 'SHM.NO.706/MUARO SEBAPO/ AN. MASDI ILIYAS ', 23, 7, 'BALIK NAMA', 'SUDAH SELESAI ', 'SUDAH SELESAI', '', '', '', '', '49jFbOIWdK', 'Kurang foto lokasi dan kuitansi'),
(7, '29', '2020-10-23', 'SHM.01680/KASANG LOPAK ALAI/ AN. LUKMAN MANALU ', 24, 8, 'BALIK NAMA', '', '', '', '', '', '', '49jFbOIWdK', 'PROSES ONLINE BPHTB '),
(8, '254', '2020-10-09', 'SHM.5551/MENDALO DARAT / AN. SASMIAR SH.', 25, 9, 'BALIK NAMA', '', '', '', '', '', '', '49jFbOIWdK', ''),
(9, '255', '2020-10-09', 'SHM.NO.04898/KASANG PUDAK / AN. SIGINA MARINI ', 26, 10, '', '', '', '', '', '', '', '49jFbOIWdK', 'BUAT AJB '),
(10, '258', '2020-10-08', 'SHM.NO.4140/KASANG PUDAK / AN.ERIS MON ', 27, 1, '', '', '', '', '', '', '', '49jFbOIWdK', 'BUAT AJB\r\n'),
(11, '259', '2020-10-27', 'SHM.NO.00196/BUKIT BALING ', 28, 28, 'BALIK NAMA', 'SUDAH SELESAI ', 'SUDAH SELESAI', 'SUDAH SELESAI', 'SUDAH SELESAI ', '', '', '49jFbOIWdK', 'SERTIFIKAT SUDAH SELESAI , BERKAS sudah DI AMBIL '),
(12, '260', '2020-11-03', 'SHM.NO.01884/MUARO PIJOAN /AN. SUKARNO ', 29, 11, 'BALIK NAMA', 'SUDAH SELESAI ', 'SUDAH SELESAI', 'Sudah selesai ', '', '', '', '49jFbOIWdK', 'Berkas tinggal masuk bpn '),
(13, '252', '2020-11-13', 'SHM. 546/ PIJOAN / AN. JAUHARI', 30, 12, 'BALIK NAMA', 'SUDAH SELESAI ', 'Sudah', 'Sudah', '', '', '', '49jFbOIWdK', 'berkas suddah selesai sertifikat sudah di ambil , \r\n \r\n'),
(14, '232', '2020-11-13', 'SHM.04017/SIMPANG SUNGAI DUREN/  AN. AMRILAH', 31, 13, 'BALIK NAMA', 'Sudah', 'Sudah', 'SUDAH SELESAI', '', '', '', '49jFbOIWdK', 'DI BAWAK IBU SUSI TANGGAL 21-12-2020 UNTUK PENGURUSAN SENDIRI'),
(15, '212', '2020-11-13', 'ENDAH DWI ARIATY / SHM.14212 / TANGKIT', 32, 14, 'BALIK NAMA', 'SUDAH SELESAI', 'SUDAH SELESAI', 'Sudah selesai ', 'Sudah selesai', '', '', '49jFbOIWdK', 'SERTIFIKAT SUDAH DI AMBI SERTIFIKAT SUDAH SELESAI '),
(16, '219', '2020-11-13', 'IHSAN / SHM . 3530 / MENDALO DARAT', 33, 15, 'BALIK NAMA', 'SUDAH SELESAI ', 'SUDAH SELESAI', 'SUDAH SELESAI', 'SUDAH SELESAI ', '', '', '49jFbOIWdK', 'BERKAS SUDAH SELESAI SERTIFIKAT BLM DI AMBIL '),
(17, '220', '2020-11-13', 'TRESSLA YUSHIMAR / 12390/MENDALO DARAT', 34, 16, 'BALIK NAMA', 'sudah selesai', 'SUDAH SELESAI', 'TINGGAL BAYAR PAJAK', '', '', '', '49jFbOIWdK', 'PROSES SUDAH SELESAI SERTIFIKAT SUDAH DI AMBIL '),
(18, '223', '2020-05-13', 'AIDA WATI / SHM . 00409 / KEDEMANAGN ', 35, 17, 'BALIK NAMA', 'SUDAH SELESAI', 'SUDAH SELESAI', 'SUDAH SELESAI', 'SUDAH SELESAI ', '', '', '49jFbOIWdK', 'berkas sudah selesai \r\n'),
(19, '225', '2020-08-15', 'SYAIFUL / SHM. 03039 / BUKIT BALING', 105, 19, 'BALIK NAMA', 'sudah selesai', 'SUDAH SELESAI', 'SUDAH SELESAI', 'SUDAH SELESAI ', '', '', '49jFbOIWdK', 'BERKAS SUDAH SELESAI dan sertifikat sudah di ambil '),
(20, '226', '2020-09-13', 'ROSNANI / SHM. 1173 / MENDALO INDAH', 96, 19, 'BALIK NAMA', 'sudah selesai', 'SUDAH SELESAI', 'SUDAH SELESAI', 'SUDAH SELESAI ', '', '', '49jFbOIWdK', 'sudah di ambil 14 april 2021'),
(21, '230', '2020-09-14', '  UMAR GANI/ SHM. 1628 /MENDALO DARAT ', 39, 21, 'BALIK NAMA', 'sudah selesai', 'SUDAH SELESAI', 'SUDAH SELESAI', 'TINGGAL BAYAR PAJAK PPH ', '', '', '49jFbOIWdK', 'PROSES ONLINE UNTUN BN DI BPN '),
(22, '31', '2020-07-12', 'ALIMUDDIN / SHM.240 / SEKERNAN', 40, 22, 'BALIK NAMA', '', '', '', '', '', '', '49jFbOIWdK', 'LOLOS VERIFIKASI DARI YULI 15 APRIL 2021 ON PROSES BPHTB '),
(23, '155', '2020-11-16', 'AULIA RAHMA / SHM. 00891/ KASANG LOPAK ALAI', 41, 22, 'BALIK NAMA', 'sudah selesai', 'SUDAH SELESAI', 'TINGGAL BAYAR PAJAK', '', '', '', '49jFbOIWdK', 'TINGGAL BAYAR PAJAK '),
(24, '161', '2020-11-16', 'RAMLAN/ SHM. 00691/ MENDALO DARAT', 42, 23, 'BALIK NAMA', '', '', '', '', '', '', '49jFbOIWdK', 'BERKAS SUDAH SELESAI SERTIFIKAT SUDAH DI AMBIL'),
(25, '169', '2020-04-12', 'CHARLES SIAHAAN/ SHM. 1860/ MENDALO DARAT', 43, 24, 'BALIK NAMA', 'sudah selesai', 'SUDAH SELESAI', 'SUDAH SELESAI', 'SUDAH SELESAI ', 'KTP KK ', '', '49jFbOIWdK', 'BERKA SUDAH SELESAI SERTIFIKAT TINGGAL DI AMBIL'),
(26, '170', '2020-11-16', 'SHM. 10768/ TANGKIT / AN. AZIZAH', 44, 25, 'BALIK NAMA', '', '', '', '', '', '', '49jFbOIWdK', 'sertifikat sudah di ambil \r\n\r\n'),
(27, '171', '2020-11-16', 'SHM.11375/ TANGKIT', 45, 25, 'BALIK NAMA', '', '', '', '', '', '', '49jFbOIWdK', 'turun waris di bpn \r\n sedang proses online BPHTB  \r\n'),
(28, '174', '2020-11-16', 'SHM.12187/TANGKIT ', 1, 26, 'BALIK NAMA', '', '', '', '', '', '', '49jFbOIWdK', ''),
(29, '163', '2020-11-16', 'SHM.00989/BUKIT BALING ', 47, 27, 'BALIK NAMA', 'sudah selesai', 'SUDAH SELESAI', 'SUDAH SELESAI', 'SUDAH SELESAI ', 'KTP KK ', '', '49jFbOIWdK', 'BERKAS SUDAH SELESAI SERTIFIKAT TINGGAL DI AMBIL '),
(30, '178', '2020-08-13', 'ANJAS/ SHM. 00735 / MUARA KUMPEH ', 48, 1, 'BALIK NAMA', '', '', '', '', '', '', '49jFbOIWdK', 'BERKAS SUDAH DI AMBIL SERTIFIKAT SUDAH DI AMBIL'),
(31, '197', '2020-07-15', 'YANTI (KERINCI) / SHM. 04040 / TALANG BELIDO ', 50, 19, 'BALIK NAMA', '', '', '', '', '', '', '49jFbOIWdK', ''),
(32, '198', '2020-11-16', 'TENDRI/AJENG / SHM. 06722 / MEKAR JAYA ', 51, 28, 'BALIK NAMA', '', '', '', '', '', '', '49jFbOIWdK', ''),
(33, '199', '2020-11-16', 'KEBUN IX / SHM. 06721 / sonirin ', 51, 29, 'BALIK NAMA', '', '', '', '', '', '', '49jFbOIWdK', 'BAYAR PAJAK PPH '),
(34, '200', '2020-09-13', 'KEBUN IX / SHM. 07620', 51, 29, 'BALIK NAMA', '', '', '', '', '', '', '49jFbOIWdK', ''),
(35, '201', '2020-08-16', 'KEBUN IX / SHM. 06719', 51, 29, 'BALIK NAMA', '', '', '', '', '', '', '49jFbOIWdK', ''),
(36, '205', '2020-11-16', 'AFDHAL/ SHM. 03482/ SIMPANG SEI DUREN ', 52, 28, 'BALIK NAMA', '', '', '', '', '', '', '49jFbOIWdK', ''),
(37, '211', '2020-11-16', 'SHM.00739/KEBUN IX / AN. PT PANTASIRUL', 53, 30, 'BALIK NAMA', '', '', '', '', '', '', '49jFbOIWdK', ''),
(38, '', '2020-09-14', 'SHM.0074/ KEBUN IX / AN. PT PANTASIRUL', 53, 30, 'BALIK NAMA', '', '', '', '', '', '', '49jFbOIWdK', 'BATAL SHM SUDAH DI AMBIL'),
(39, '212', '2020-11-09', 'SHM.14212/ TANGKIT / AN. ENDAH DWI A', 32, 31, 'BALIK NAMA', 'sudah selesai', 'SUDAH SELESAI', 'SUDAH SELESAI', 'SUDAH SELESAI ', '', '', '49jFbOIWdK', 'sertifikat sudah di ambil '),
(40, '214', '2020-11-17', 'SHM.00560/MARA SEBO / ABU BAKAR UMAR', 55, 32, 'BALIK NAMA', '', '', '', '', '', '', '49jFbOIWdK', ''),
(41, '241', '2020-03-13', 'SHM. 01283/ MENDALO INDAH / AN. BERO MASENEM', 56, 33, 'BALIK NAMA', 'sudah selesai', 'SUDAH SELESAI', 'SUDAH SELESAI', 'TINGGAL BAYAR PAJAK PPH ', '', '', '49jFbOIWdK', 'SEDANG ONLINE UNTUK BN \r\n'),
(42, '243', '2020-11-17', 'SHM. 00710/ MUARO SEBAPO/ AN. MASDI ILYAS', 57, 34, 'BALIK NAMA', 'sudah selesai', 'SUDAH SELESAI', 'SUDAH SELESAI', 'SUDAH SELESAI ', '', '', '49jFbOIWdK', 'BERKKAS SUDAH SELESAI SERTIFIKAT SUDAH DI AMBIL OLEH BAPAK ZULFADLI PADA TANGGAL 08-02-2021'),
(43, '244', '2020-11-17', '00707/ MUARO SEBAPO/ AN. MASDI ILYAS', 58, 34, 'BALIK NAMA', '', '', '', '', '', '', '49jFbOIWdK', ''),
(44, '245', '2020-11-17', '04040/TALANG BELIDO/ AN. MUHAIMIN', 59, 28, '', '', '', '', '', '', '', '49jFbOIWdK', ''),
(45, '246', '2020-11-17', '5478/ MENDALO DARAT / AN. SUSANTO', 60, 1, '', '', '', '', '', '', '', '49jFbOIWdK', 'SERTIFIKAT SUDAH SELESAI DAN SUDAH DI AMBIL '),
(46, '247', '2020-11-17', 'SHM.01741/ MUARA KUMPEH/ AN. ZAINAH', 62, 36, '', '', '', '', '', '', '', '49jFbOIWdK', 'Masih proses Bphtb'),
(47, '248', '2020-07-13', 'SHM.01740/MUARA KUMPEH / ZAINAH', 62, 36, '', '', '', '', '', '', '', '49jFbOIWdK', 'Masih online bphtb'),
(48, '251', '2020-11-17', 'SHM.935/TANGKIT/AN.SAMIRAN ', 64, 11, 'HIBAH ', 'sudah selesai', 'SUDAH SELESAI', 'SUDAH SELESAI', 'SUDAH SELESAI ', '', '', '49jFbOIWdK', 'berkas sudah selesai dan sudah di ambil\r\n'),
(49, '193', '2020-11-17', 'SHM.2055/PIJOAN ', 65, 1, 'BALIK NAMA', '', '', '', '', '', '', 'A4zI9ltsL1', ''),
(50, '192', '2020-11-17', 'SHM.01441/SEBAPO', 66, 1, '', '', '', '', '', '', '', 'A4zI9ltsL1', ''),
(51, '', '2020-11-17', 'SHM.1284/SIMPANG SEI DUREN / AN. MULYANTO TESWARI', 67, 27, 'BALIK NAMA', 'sudah selesai', 'SUDAH SELESAI', 'SUDAH SELESAI', 'SUDAH SELESAI ', '', '', 'A4zI9ltsL1', 'berkas dan sertifikat sudah di ambil '),
(52, '229', '2020-11-17', 'SHM.04013/ SIMPANG SUNGAI DUREN/ AN. AMRILAH ', 68, 13, '', '', '', '', '', '', '', '49jFbOIWdK', 'berkas di bawak ibu susi '),
(53, '', '2020-11-17', 'SHM.04017/SIMPANG SUNGAI DUREN/  AN. AMRILAH', 31, 13, '', '', '', '', '', '', '', '49jFbOIWdK', 'berkas di bawak ibu susi\r\n'),
(54, '', '2020-11-17', 'SHM.04016/ SIMPANG SUNGAI DUREN / AN. AMRILAH ', 69, 13, '', '', '', '', '', '', '', '49jFbOIWdK', 'berkas di bawak ibu susi'),
(55, '', '2020-11-17', '731/ SUKAMAJU / AN. SAMSU KOMAR', 73, 40, 'BALIK NAMA', 'sudah selesai', 'SUDAH SELESAI', 'SUDAH SELESAI', 'SUDAH SELESAI ', 'KTP KK ', '', '49jFbOIWdK', 'berkas sudah di ambil sertifikat sudah di ambil pada tanggal 18-12-2020 oleh bapak joni handa '),
(56, '6', '2020-02-18', 'SHM. 01312/ mendalo indah ', 74, 32, 'BALIK NAMA', 'sudah selesai', '', '', '', '', '', '49jFbOIWdK', ''),
(57, '8', '2020-12-04', 'shm.11143 / tangkit ', 75, 43, '', '', '', '', '', '', '', '49jFbOIWdK', ''),
(58, '22', '2020-12-04', 'shm.8031 / mendalo darat / atiyah ', 76, 32, 'BALIK NAMA', '', '', '', '', '', '', '49jFbOIWdK', ''),
(59, '21', '2020-12-04', 'SHM.6315/ MENDALO DARAT ', 77, 32, 'BALIK NAMA', '', '', '', '', '', '', '49jFbOIWdK', ''),
(60, '23', '2020-12-04', 'SHM.2316 / MENDALO DARAT / AN. MUHAMMAD FADLI IRWA', 78, 32, 'BALIK NAMA', 'sudah selesai', 'SUDAH SELESAI', 'SUDAH SELESAI', 'SUDAH SELESAI ', '', '', '49jFbOIWdK', 'berkas sudah selesai sertifikat sudah di ambil '),
(61, '25', '2020-12-04', 'SHM.243 / DANAU LAMO ', 79, 32, '', '', '', '', '', '', '', '49jFbOIWdK', ''),
(62, '27', '2020-12-04', 'SHM.1679/ SIMPANG SUNGAI DUREN / AN. TARMIZI ', 80, 32, '', '', '', '', '', '', '', '49jFbOIWdK', ''),
(63, '56', '2020-12-04', 'SPORADIK ', 81, 32, 'SPORADIK BUAT SHM ', '', '', '', '', '', '', '49jFbOIWdK', 'NOMOR BERKAS 1551 / 2021 \r\n \r\n'),
(64, '', '2020-12-04', 'SHM. 00340 / TANGKIT BARU / AN. HAMID M', 82, 32, '', '', '', '', '', '', '', '49jFbOIWdK', ''),
(65, '88', '2020-12-04', 'SHM.02055 / PIJOAN / AN. AZWAR ', 83, 32, 'PEMECAH ', '', '', '', '', '', '', '49jFbOIWdK', ''),
(66, '89', '2020-12-04', 'SHM.04932 / KEBUN IX / AN. SARPAN ', 84, 32, 'BN TURUN WARIS ', '', '', '', '', '', '', '49jFbOIWdK', ''),
(67, '89', '2020-12-04', 'SHM. 0853 / KEBUN IX / AN. SARPAN ', 84, 32, '', '', '', '', '', '', '', '49jFbOIWdK', ''),
(68, '98', '2020-12-04', 'SPORADIK ', 85, 32, 'SPORADIK BUAT SHM ', '', '', '', '', '', '', '49jFbOIWdK', 'berkas sudah selesai '),
(70, '154', '2020-12-04', 'SHM.00636 / PETALING / AN. SURATNO ', 87, 44, 'BALIK NAMA', 'sudah selesai', 'SUDAH SELESAI', 'SUDAH SELESAI', 'SUDAH SELESAI ', 'KTP KK ', 'KTP KK', '49jFbOIWdK', 'BERKAS UDAH DI AMBIL BERKAS UDAH SELESAI '),
(71, '1555', '2020-12-04', 'SHM.00891 / KASANG LOPAK ALAI / AN. ARDIANSYAH GUN', 88, 32, 'BALIK NAMA', '', '', '', '', '', '', '49jFbOIWdK', 'menunggu bayar pajak pph '),
(72, '161', '2020-12-04', 'SHM.00691 / MENDALO DARAT / AN. ZAINAL ARIFIN CS ', 89, 32, 'BALIK NAMA', '', '', '', '', '', '', '49jFbOIWdK', ''),
(73, '165', '2020-12-04', 'SHM.05478 / MENDALO DARAT / AN. SUSANTO ', 90, 32, 'BALIK NAMA', 'sudah selesai', 'SUDAH SELESAI', '', '', '', '', '49jFbOIWdK', ''),
(75, '178', '2020-12-04', 'SHM.00735 / MUARA KUMPEH / AN. HALOMOAN SAMOSIR ', 91, 32, 'BALIK NAMA', 'Sudah', 'Sudah', 'Sudah', 'Sudah selesai', '', '', '49jFbOIWdK', 'Sertifikat sudah selesai berkas sudah di ambil '),
(76, '180', '2020-12-04', 'SHM.2052 / BUKIT BALING / AN. PURWANTO ', 91, 32, 'TURUN WARIS', 'sudah selesai', 'SUDAH SELESAI', 'SUDAH SELESAI', 'SUDAH SELESAI ', '', '', '49jFbOIWdK', 'berkas sudah selesai , SERTIFIKAT SUDAH DI AMBIL '),
(77, '177', '2020-12-04', 'SHM.1171 / MENDALO INDAH / AN. HASNI SYAM ', 92, 20, 'BALIK NAMA', '', '', '', '', '', '', '49jFbOIWdK', 'SERTIFIKAT SUDAH DI AMBIL \r\n'),
(78, '194', '2020-12-04', 'SHM.00311 / SENAUNG / AN. RUSNAH ', 93, 32, 'BALIK NAMA', 'sudah selesai', 'SUDAH SELESAI', 'SUDAH SELESAI', 'SUDAH SELESAI ', '', '', '49jFbOIWdK', 'SERTIFIKAT SUDAH SELESAI . SUDAH DI AMBIL '),
(79, '194', '2020-12-04', 'SHM.00312/ SENAUNG / AN. RUSNAH ', 93, 32, 'BALIK NAMA', 'sudah selesai', 'SUDAH SELESAI', 'SUDAH SELESAI', 'SUDAH SELESAI ', '', '', '49jFbOIWdK', 'BERKAS SUDAH SELESAI , SERTIFIKAT SUDAH DI AMBIL '),
(80, '197', '2020-12-04', 'SHM.04040 / TALANG BELIDO / AN. MUHAIMIN ', 94, 32, 'BALIK NAMA', '', '', '', '', '', '', '49jFbOIWdK', ''),
(81, '198', '2020-12-04', 'SHM.06722 / MEKAR JAYA / AN. SONIRIN ', 95, 32, 'BALIK NAMA', '', '', '', '', '', '', '49jFbOIWdK', ''),
(82, '01', '2021-01-05', 'SHM.01773 / MENDALO INDAH / AN. HAVIDZH AIMA ', 97, 127, 'BALIK NAMA', 'sudah selesai', 'SUDAH SELESAI', '', '', '', '', 'A4zI9ltsL1', 'MASIH DALAM PROSES ONLINE BPHTB'),
(83, '02', '2021-01-05', 'SHM.01774/ MENDALO INDAH / AN. HAVIDZH AIMA ', 98, 127, 'BALIK NAMA', 'sudah selesai', 'SUDAH SELESAI', '', '', '', '', 'A4zI9ltsL1', 'MASIH DALAM PROSES ONLINE BPHTB'),
(84, '03', '2021-01-05', 'SHM.00515/JAMBI TULO / AN. SARBANI ', 99, 28, 'BALIK NAMA', 'sudah selesai', 'PBB BLM ADA ', '', '', '', '', 'A4zI9ltsL1', ''),
(85, '257', '2020-12-24', 'SHM.00506/ JAMBI TULO/ AN. HIJRAH SYAHPUTRA', 100, 19, 'BALIK NAMA', 'sudah selesai', 'SUDAH SELESAI', '', '', '', '', 'A4zI9ltsL1', 'TTD DI DISPENDA '),
(86, '4', '2021-01-05', 'SUKARNO/ SHM.01882 / MUARO PIJOAN ', 101, 28, 'BALIK NAMA', '', 'PROSES BUAT PBB', '', '', '', '', 'A4zI9ltsL1', 'MASIH DALAM PROSES'),
(87, '', '2020-01-01', '01916 / MENDALO INDAH / AN. HAFIDZH AIMA ', 102, 82, 'BALIK NAMA', 'sudah selesai', 'SUDAH SELESAI', 'SUDAH SELESAI', 'SUDAH SELESAI ', '', '', 'A4zI9ltsL1', 'SEDANG PROSES MASUK BPN'),
(88, '', '2020-01-05', 'SHM.01915 / M.HAFIDZH AIMA / MENDALO INDAH ', 103, 82, 'BALIK NAMA', 'sudah selesai', 'SUDAH SELESAI', 'SUDAH SELESAI', 'SUDAH SELESAI ', '', '', 'A4zI9ltsL1', 'PROSES MASUK BPN '),
(89, '', '2020-01-05', 'SHM.01913 / MENDALO INDAH / AN. M.HAFIDZH AIMA', 104, 28, 'BALIK NAMA', 'sudah selesai', 'SUDAH SELESAI', 'SUDAH SELESAI', 'SUDAH SELESAI ', '', '', 'A4zI9ltsL1', 'BERKAS SUDAH SELESAI SERTIFIKAT BELUM DI AMBIL '),
(90, '5', '2021-01-06', 'SHM.714 /TALANG BUKIT / AN. SUKAMDI ', 107, 134, 'BALIK NAMA', '', '', '', '', '', '', 'A4zI9ltsL1', 'PROSES PEMECAHAN DI BPN , NO BERKAS :583/2021\r\nTGL: 13 JANUARI 2021 \r\nOLEH PAK SUKARNO \r\nJU: MUHTADI \r\n'),
(91, '266', '2020-12-12', 'SPORADIK ', 108, 135, 'SPORADIK BUAT SHM ', '', '', '', '', '', '', 'A4zI9ltsL1', 'PROSES DALAM BPN \r\nNO BERKAS : 448 / 2021 \r\n TGL : 8 JANUARI 2021 '),
(92, '265', '2020-12-12', 'SPORADIK ', 109, 135, 'SPORADIK BUAT SHM ', '', '', '', '', '', '', 'A4zI9ltsL1', 'PROSES DALAM BPN, NO  BERKAS : 449 / 2021 \r\n TGL : 8 JANUARI 2021 '),
(93, '6', '2021-01-07', 'SHM.01279/ SUKA MAJU / AN.HUSNI ', 110, 19, 'BALIK NAMA', '', '', '', '', '', '', 'A4zI9ltsL1', 'proses bayar pajak pph\r\n'),
(94, '7', '2021-01-07', 'SHM.01280 / SUKAMAJU / AN.INDRAWATI K', 110, 28, 'BALIK NAMA', '', '', '', '', '', '', 'A4zI9ltsL1', 'proses bayar pajak pph \r\n'),
(95, '8', '2021-01-07', 'SHM.01278 / SUKA MAJU / AN. JAYANTI KARTIKA S. ', 110, 28, 'BALIK NAMA', '', '', '', '', '', '', 'A4zI9ltsL1', 'PROSES  bayar pajak pph '),
(96, '10', '2021-01-18', '590/01/SPRDK/PTL/ 2021', 121, 19, 'SPORADIK BUAT SHM ', 'sudah selesai', '', '', '', '', '', 'A4zI9ltsL1', 'PROSES PENGUKURAN SUDAH SELESAI ,\r\n SPORADIK DALAM PROSES PERBAIKAN '),
(97, '8', '2020-01-20', '11143 / TANGKIT / AN. DENI FUADI ', 123, 28, 'BALIK NAMA', '', 'SUDAH SELESAI', '', '', '', '', 'A4zI9ltsL1', ''),
(98, '11', '2021-01-19', 'SPORADIK ', 122, 28, 'SPORADIK BUAT SHM ', '', '', '', '', '', '', 'A4zI9ltsL1', ''),
(99, '12', '2021-01-25', 'SHM.11279 / TANGKIT / AN. TUGINO ', 126, 28, 'BALIK NAMA', '', '', '', '', '', '', 'A4zI9ltsL1', 'BPHTB SUDAH SELESAI '),
(100, '9', '2021-01-18', 'PELEPASAN HAK ', 127, 28, 'PELEPASAN HAK ', '', '', '', '', '', '', 'A4zI9ltsL1', ' 5 BERKAS PELEPASAN HAK PAK JABAR'),
(101, '', '2020-02-18', '265/ KEDEMANGAN / AN.BUJANG TAHIR ', 129, 28, '', '', '', '', '', '', '', 'A4zI9ltsL1', 'MENUNGGU KONFIRMASI DARI PAK DANI UNTUK PROSES SELANJUTNYA '),
(102, '33', '2021-01-27', 'SHM.362/ SENGETI / AN. MASNAH MASHUR ', 130, 28, 'BN', '', '', '', '', '', '', 'A4zI9ltsL1', 'proses bphtb'),
(103, '166', '2020-02-18', 'SHM.256/ KEDEMANGAN / AN. BUJANG TAHIR', 129, 140, 'BALIK NAMA', '', '', '', '', '', '', 'A4zI9ltsL1', 'MENUNGGU KONFIRMASI DARI PAK DANI '),
(104, '9', '2021-01-28', '', 132, 28, '', '', '', '', '', '', '', 'A4zI9ltsL1', 'JENIS PEKERJAAN BELUM DI KETAHUI MENUNGGU KKONFIRMASI DARI PAK DANI '),
(105, '8', '2020-01-18', 'SHM.446 / SUNGAI GELAM / AN. HAMISYAH ', 133, 28, 'TURUN WARIS', '', '', '', '', '', '', 'A4zI9ltsL1', ''),
(106, '10', '0000-00-00', 'SHM.04688 / PEMATANG GAJAH / AN. HENDRI YANTO ', 134, 28, 'BALIK NAMA', '', '', '', '', '', '', 'A4zI9ltsL1', 'MENUNGGU PBB DARI PAK AGUNG '),
(107, '', '0000-00-00', '03033 / MAWARNI ', 135, 11, 'BALIK NAMA', 'sudah selesai', 'SUDAH SELESAI', 'SUDAH SELESAI', 'SUDAH SELESAI ', 'KTP KK ', '', 'A4zI9ltsL1', 'BERKAS SUDAH SELESAI SERTIFIKAT SUDAH DI AMBIL OLEH PAKDE SUKARNO '),
(108, '13', '2021-01-29', 'SHM.01923 / MUARO PIJOAN / AN. SUKARNO ', 136, 28, 'BALIK NAMA', 'sudah selesai', '', '', '', '', '', 'A4zI9ltsL1', ''),
(109, '14', '2021-01-29', ' SHM.446 / SUNGAI GELAM / AN. HAMISYAH ', 137, 28, '', '', '', '', '', '', '', 'A4zI9ltsL1', ''),
(110, '15', '2021-02-05', 'shm.00070 / tanjung pauh / an. sugiono ', 138, 28, '', '', '', '', '', '', '', 'A4zI9ltsL1', 'SERTIFIKAT HILANG '),
(111, '16', '2021-02-19', '', 15, 1, 'peralihan hak ', '', '', '', '', '', '', 'A4zI9ltsL1', 'orderan pak cik , ( berkas di bawak pak dani , pada tanggal 19-02-2021\r\n BERKAS DALAM PROSES BPN '),
(112, '17', '2021-02-19', 'SHM.07362/ PETALING JAYA AN. WISMA', 196, 135, 'PEMECAH ', '', '', '', '', '', '', 'A4zI9ltsL1', ' PROSES DI KAK NIR \r\n'),
(113, '250', '0000-00-00', 'SHM.00239 / TEMPINO / AN. TOMY OSCAR ', 247, 72, 'BALIK NAMA', '', '', '', '', '', '', 'A4zI9ltsL1', 'SELESAI\r\n'),
(114, '18', '2021-03-01', 'SERTIFIKAT HILANG ', 248, 155, 'SERTIFIKAT HILANG ', '', '', '', '', '', '', 'A4zI9ltsL1', ''),
(115, '20', '2021-03-04', 'SHM 13482 / MENDALO DARAT / ALINUDDIN PULUNGAN ', 254, 28, 'PEMECAH , MUTASI ', '', '', '', '', '', '', 'A4zI9ltsL1', ''),
(116, '24', '2021-03-12', 'SHM.2921 / MEKAR JAYA / AN. SAELAN ', 255, 28, 'BALIK NAMA', '', '', '', '', '', '', '49jFbOIWdK', ''),
(117, '23', '2021-03-12', 'SHM.2920/ MEKAR JAYA / AN. SAELAN ', 256, 28, 'BALIK NAMA', '', '', '', '', '', '', '49jFbOIWdK', ''),
(118, '22', '2021-03-12', 'SHM. 02918 / MEKAR JAYA / AN. SAELAN ', 257, 28, 'BALIK NAMA', '', '', '', '', '', '', '49jFbOIWdK', ''),
(119, '21', '2021-03-12', 'SHM. 02919 / MEKAR JAYA / AN. SAELAN ', 258, 28, 'BALIK NAMA', '', '', '', '', '', '', '49jFbOIWdK', ''),
(120, '25', '2021-03-12', 'shm.01944/ mendalo indah /  hj.yurnalis cs ', 259, 28, '', '', '', '', '', '', '', '49jFbOIWdK', ''),
(121, '26', '2021-03-12', 'SHM.01943 / MENDALO INDAH / AN. HJ YURNALIS CS ', 260, 28, '', '', '', '', '', '', '', '49jFbOIWdK', ''),
(122, '27', '2021-03-12', 'SHM.01945 / MENDALO INDAH / AN. AGUSTAM ', 261, 28, '', '', '', '', '', '', '', '49jFbOIWdK', ''),
(123, '28', '2021-02-19', 'SHM. 01978 / MENDALO INDAH AN. ZULBANI', 15, 160, 'BN', '', '', '', '', '', '', '49jFbOIWdK', 'PROSES BPHTB'),
(124, '30', '2021-03-29', 'SHM.00504 / MEKAR JAYA /AN. SAMSUL BAHRI ', 312, 161, 'BALIK NAMA', '', '', 'ONLINE BPHTB ', '', '', '', '49jFbOIWdK', 'ONLINE BPHTB '),
(125, '28', '2021-03-19', '01978 / mendalo indah an. zulbani', 305, 160, 'BN', '', '', 'ONLINE BPHTB ', '', '', '', '49jFbOIWdK', ''),
(126, '20', '2021-04-26', '13482 / MENDALO DARAT AN. ALINUDDIN', 252, 1, 'PEMECAH ', '', '', '', '', '', '', '49jFbOIWdK', ''),
(127, '19', '2021-03-02', '01363 / SIMPANG SUNGAI DUREN AN. DIAN MUSTARI', 315, 162, 'BN', '', '', 'ONLINE BPHTB ', '', '', '', '49jFbOIWdK', ''),
(128, '43', '2021-06-16', 'SHM NO. 02273 / KEBON IX AN. SAHAT H. SIREGAR', 15, 163, 'BN', '', '', '', '', '', '', '49jFbOIWdK', 'PROSES TTD BPHTB DI DISPENDA'),
(129, '34', '2021-06-16', 'SHM NO. 02273 / KEBON IX AN. SAHAT H. SIREGAR', 331, 163, '', '', '', '', '', '', '', '49jFbOIWdK', 'PROSES TTD BPHTB'),
(130, '35', '2021-06-25', '07648 / KASANG PUDAK AN. GAFARMIN', 333, 164, 'BN', '', '', '', '', '', '', '49jFbOIWdK', 'PROSES ONLINE BPHTB'),
(131, '36', '2021-06-25', '07647 / KASANG PUDAK AN. GAFARMIN', 334, 164, 'BN', '', '', '', '', '', '', '49jFbOIWdK', 'PROSES ONLINE BPHTB'),
(132, '37', '2021-05-18', '157 / MARO SEBO AN. KAMIL UMAR ', 335, 24, 'TURUN WARIS', '', '', '', '', '', '', '49jFbOIWdK', 'BERKAS PROSES ONLINE BPHTB'),
(133, '38', '2021-05-31', '694 / PEMATANG GAJAH AN. IWAN KURNIAWAN MUHAROMI', 336, 165, 'BN', '', '', '', '', '', '', '49jFbOIWdK', 'PROSES BPHTB'),
(134, '39', '2021-05-31', '691 / PEMATANG GAJAH AN. ABDUL KADIR', 336, 165, 'BN', '', '', '', '', '', '', '49jFbOIWdK', 'PROSES ONLINE BPHTB'),
(135, '252', '2021-06-25', 'SPORADIK ', 368, 166, 'SPORADIK BUAT SHM ', '', '', '', '', '', '', '49jFbOIWdK', '');

-- --------------------------------------------------------

--
-- Struktur dari tabel `klien`
--

CREATE TABLE `klien` (
  `id` int(11) NOT NULL,
  `nama` varchar(100) NOT NULL,
  `alamat` text NOT NULL,
  `hp` varchar(13) NOT NULL
) ENGINE=InnoDB DEFAULT CHARSET=latin1;

--
-- Dumping data untuk tabel `klien`
--

INSERT INTO `klien` (`id`, `nama`, `alamat`, `hp`) VALUES
(15, 'Borneo', '', '0927348237'),
(18, 'Waluyo', '', '0932743874'),
(21, 'jefri', '', '89878777'),
(22, 'RUPI YANTI ', '', ''),
(23, 'IDA ROSANTI', '', ''),
(24, 'noperida br sinurat', '', ''),
(25, 'SASMIAR SH ', '', ''),
(26, 'M.NATSIR', '', ''),
(27, 'BAMBANG SUTEJO ', '', ''),
(28, 'KATRENA DEWI ', '', ''),
(29, 'IIS ROHMI BAEDIS', '', ''),
(30, 'ERWIN', '', ''),
(31, 'ARCHIMEDES', '', ''),
(32, ' RAMON DAYA', '', ''),
(33, 'SAMUN', '', ''),
(34, 'ZAHARA', '', ''),
(35, 'ATILA', '', ''),
(36, 'ZAHARA', '', ''),
(37, 'AKHMAD', '', ''),
(38, 'SRI LENA YETI', '', ''),
(39, 'HJ. SUPRIYANTI . Spd.', '', ''),
(40, 'AFRIZAL', '', ''),
(41, 'ARDIANSYAH GUNAWAN ', '', ''),
(42, 'ZAINAL ARIFIN CS.', '', ''),
(43, 'MARLIS SYAM ', '', ''),
(44, 'HERI TENTARA', '', ''),
(45, 'NGADIMAN', '', ''),
(46, 'HANDI YUNITA', '', ''),
(47, 'A.RAHMAN  CS', '', ''),
(48, 'HALOMOAN SAMOSIR ', '', ''),
(49, 'DELPAN SARI SY ', '', ''),
(50, 'MUHAIMIN', '', ''),
(51, 'SONIRIN', '', ''),
(52, 'M. SAYUTI CS', '', ''),
(53, 'MARIO A', '', ''),
(54, 'ROMAN DAYAN', '', ''),
(55, 'ERMITA/RAHMADHAN.M', '', ''),
(56, 'ANIFRAL HENDRI', '', ''),
(57, 'LAMHOT SIMANJUNTAK', '', ''),
(58, 'SANTI SIMANJUNTAK ', '', ''),
(59, 'M.DAUD', '', ''),
(60, 'MELIANA', '', ''),
(61, 'MELIANA', '', ''),
(62, 'TUGIMAN', '', ''),
(63, 'SUYONO', '', ''),
(64, 'SAMIRAN', '', ''),
(65, 'AZWAR ', '', ''),
(66, 'marlina', '', ''),
(67, 'BAMBANG SUKMADI', '', ''),
(68, 'M. IBRAHIM ', '', ''),
(69, 'KMS. BUNAWAR ', '', ''),
(70, 'ARCHIMEDES', '', ''),
(71, 'KMS. BUNAWAR ', '', ''),
(72, 'ERWIN', '', ''),
(73, ' JONI HANDA', '', ''),
(74, 'avis aima', '', ''),
(75, 'deni puadi', '', ''),
(76, 'atiyah', '', ''),
(77, 'nazarudin ', '', ''),
(78, 'MUKA RIKA', '', ''),
(79, 'IVAN WIRATA', '', ''),
(80, 'PAK UMAR ', '', ''),
(81, 'RASIDIN SYAH ', '', ''),
(82, 'HAHAMID M ', '', ''),
(83, 'SUKISNO', '', ''),
(84, 'SUNARIO', '', ''),
(85, 'WASTERLING SIJABAT ', '', ''),
(86, 'AFRIZAL', '', ''),
(87, 'PUTU AGUS ', '', ''),
(88, 'AULIA RAHMAN', '', ''),
(89, 'RAMLAN ', '', ''),
(90, 'SUSANTO', '', ''),
(91, 'ANJAS ', '', ''),
(92, 'ZENITA ENDRIANI ', '', ''),
(93, 'MISBAHUL ANAM', '', ''),
(94, 'YANTI KERINCI', '', ''),
(95, 'TENDRI AJENG ', '', ''),
(96, 'Paak jalius ', '', ''),
(97, 'zakaria ansori ', '', ''),
(98, 'ZAINAL MUTTAQIM', '', ''),
(99, 'ANTHON RIZALMAN', '', ''),
(100, 'ANTHON RIZALMAN ', '', ''),
(101, 'TOPIAH', '', ''),
(102, 'ERMASDON', '', ''),
(103, 'AMRIN', '', ''),
(104, 'AZAN WAHYULI ', '', ''),
(105, 'AHMAD ', '', ''),
(106, 'JUMADI', '', ''),
(107, 'KUSWATI', '', ''),
(108, 'SUNARNO ', '', ''),
(109, 'ALISMAN', '', ''),
(110, 'LILIK APRIYANTO', '', ''),
(111, 'Tuan SUHARDI/Ny.NOPITRA ELINDA', '', ''),
(112, 'SUHARDI', '', ''),
(113, 'Tn.CHAIRIDAR/Tn.ALBRT SIMON', '', ''),
(114, 'SIRAJUDDIN', '', ''),
(115, 'ENDANG / SIGIT H', '', ''),
(116, 'ENDANG / SIGIT H', '', ''),
(117, 'ENDANG / SIGIT H', '', ''),
(118, 'INDO UPE / SIGIT H', '', ''),
(119, 'SIRAJUDDIN / SIGIT H', '', ''),
(120, 'TEDDY R / ALIASA P', '', ''),
(121, 'HERIYONO ', '', ''),
(122, 'M.SAMAN SANI ', '', ''),
(123, 'DENI FUADI', '', ''),
(124, 'Pendeta', '', ''),
(125, 'M.SAMAN SANI ', '', ''),
(126, 'TUGINO', '', ''),
(127, 'PAK JABAR ', '', ''),
(128, 'PAK JABAR ', '', ''),
(129, 'BUJANG TAHIR ', '', ''),
(130, 'MASNAH MASHUR ', '', ''),
(131, 'BUJANG TAHIR ', '', ''),
(132, 'YANTO', '', ''),
(133, 'HAMISYAH / ETY SUGIARSIH', '', ''),
(134, 'HENDRI YANTO ', '', ''),
(135, 'MAWARNI', '', ''),
(136, 'PAKDE SUKARNO', '', ''),
(137, 'HAMISYAH', '', ''),
(138, 'sugiono', '', ''),
(139, 'BAKRI / HAMBALI / SITI PATIMAH ', '', ''),
(140, 'NYIMAS HASANAH / HJ.HASIBIAH ', '', ''),
(141, 'farida lamsihar ', '', '08'),
(142, 'Tresla Yuhirmen', 'jl.smp 5', '0'),
(143, 'Tresla Yuhirmen', 'jl.smp 5', '0'),
(144, 'YUNITATI', 'JL.H.A.RONI SANI', '0'),
(145, 'ABDULLAH SANI', 'JL.H.A.RONI ', '0'),
(146, 'ABDULLAH SANI', 'JL.H.A.RONI ', '0'),
(147, 'RITA ERIANI', 'BOUGENVIL', '0'),
(148, 'MUHAMMAD ARMYNAL ', 'JL. JENDRAL SUDIRMAN ', '0'),
(149, 'NURAINI', 'JL. JENDRAL SUDIRMAN ', '0'),
(150, 'HAMZAH', 'SUNGAI GELAM', '0'),
(151, 'HALIMAH', 'BERINGIN', '0'),
(152, 'MAZNAH', '0', '0'),
(153, 'HEPNI', '0', '0'),
(154, 'DEVI KRISTON', '0', '0'),
(155, 'LAN VERNANDI ', 'TMN.DUTA MAS BLOK A-6', '0'),
(156, 'KARTINI', 'KENALI BESAR', '0'),
(157, 'HIDAYAT', '0', '0'),
(158, 'IIS  ROHMI BAEDIS', '0', '0'),
(159, 'TOIPAH ', '0', '0'),
(160, 'HAFIS', '0', '0'),
(161, 'AIDA WATI', '0', '0'),
(162, 'BERO MASENEM', '0', '0'),
(163, 'SUNARTI', '0', '0'),
(164, 'ANIFRAL HENDRI ', '0', '0'),
(165, 'ARIA GINANJAR', '0', '0'),
(166, 'WILLY', '0', '0'),
(167, 'ROSNANI', '0', '0'),
(168, 'MISRAHADI', '0', '0'),
(169, 'SRI LENA YETI ', '0', '0'),
(170, 'SRI LENA YETI ', '0', '0'),
(171, 'AGUNG PANGARIBOWO', '0', '0'),
(172, 'SISMANTO', '0', '0'),
(173, 'BAMBANG IRAWAN', '0', '0'),
(174, 'NITA HERAWATI ', '0', '0'),
(175, 'HEBER SITOMPUL ', '0', '0'),
(176, 'SOLEMAN', '0', '0'),
(177, 'IHSAN', '0', '0'),
(178, 'SAMUN', '0', '0'),
(179, 'ETI SUSANTI', '0', '0'),
(180, 'MASDI ILYAS ', 'JALAN BARAU BARAU \r\n', '0'),
(181, 'YULI', '0', '0'),
(182, 'LAMHOT SIMANJUNTAK ', '0', '0'),
(183, 'M.HAVIDZH AIMA', '0', '0'),
(184, 'M.HAVIDZH AIMA', '0', '0'),
(185, 'HERNAWATI W RETNO WIRATIH ', '0', '0'),
(186, 'AHMAD ASROVI', '0', '0'),
(187, 'pemerintah kabupaten muaro jambi ', '', ''),
(188, 'MAMI ULIP TASARI', '0', '0'),
(189, 'JIRAN', '0', '0'),
(190, 'BOIRAH', '0', '0'),
(191, 'SAKRI', '0', '0'),
(192, 'SUSANTO', '0', '0'),
(193, 'DESSIE FRONIKA', '0', '0'),
(194, 'SUGINA MARINI', '0', '0'),
(195, 'M.NATSIR ', '0', '0'),
(196, 'WISMA', '', ''),
(197, 'HAZNUL SIDKI', '0', '0'),
(198, 'NURWATI', '0', '0'),
(199, 'KATRENA DEWI ', '0', '0'),
(200, 'fronika', '0', '0'),
(201, 'IAN VERNADI ', '0', '0'),
(202, 'NADIAH', '0', '0'),
(203, 'DENI AHMAD SALSILA', '0', '0'),
(204, 'AHMAD RIZALDI ', '0', '0'),
(205, 'HJ HASIBIAH', '0', '0'),
(206, 'SARPANI', '0', '0'),
(207, 'HAMDANI ', '0', '0'),
(208, 'SUGIANTO', '0', '0'),
(209, 'FANNY SELVIA ANUGRAH ', '0', '0'),
(210, 'MAWARNI ', '0', '0'),
(211, 'M.IKHSAN JAYO ', '0', '0'),
(212, 'BINO KRISVALDY ', '0', '0'),
(213, 'ILHAM ROMADONA', '0', '0'),
(214, 'MENNA MARSELA', '0', '0'),
(215, 'MEI TITAH SIMANJUNTAK ', '0', '0'),
(216, 'ANDRI PERMANA', '0', '0'),
(217, 'DONAL HASAHATAN', '0', '0'),
(218, 'AHMAD MUSLIM ', '0', '0'),
(219, 'JULIANA', '0', '0'),
(220, 'RAMDANI KADAR', '0', '0'),
(221, 'NADI HARIANTO ', '0', '0'),
(222, 'PARILAWATI', '0', '0'),
(223, 'RIZKY AGUNG PUTRA', '0', '0'),
(224, 'DESI TRI HANDAYANI', '0', '0'),
(225, 'ANDRE CANTONA', '0', '0'),
(226, 'T.APRI YANTO', '0', '0'),
(227, 'HERMANSYAH', '0', '0'),
(228, 'IRWAN NATASE NAINGGOLAN', '\r\n.', '0'),
(229, 'M.PUTRA', '.', '0'),
(230, 'OKI YULIANTO ', '.', '0'),
(231, 'EKO SETIAWAN', '.', '0'),
(232, 'ERNITAWATI', '.', '0'),
(233, 'MARJONO ', '.', '0'),
(234, 'HANIF RIYANTO ', '.', '0'),
(235, 'WITA NOPIANTI ', '.', '0'),
(236, 'MARIA ULFA HARAHAP ', '.', '0'),
(237, 'FAHNA', '.\r\n', '0'),
(238, 'NENENG HARIYATI', '.', '0'),
(239, 'ASMA DARLIS', '.', '0'),
(240, 'EDISON KIKIO SITUMEANG', '.', '0'),
(241, 'ROBY HARDIANSYAH ', '.', '0'),
(242, 'RICKI PRANATA SINAGA', '.', '0'),
(243, 'NOVAL FERDINAND BANGUN ', '.', '0'),
(244, 'ELVIANTI MANTALENA LAOLI', '.', '0'),
(245, 'SONIRIN', '.', '0'),
(246, 'TENDRI AJENG ', '.', '0'),
(247, 'BENI HENDRA BADRUN', '', ''),
(248, 'SUGIONO ', '', ''),
(249, 'AMPERA', '.\r\n', '0'),
(250, 'RUDI YANTO ', '0', '0'),
(251, 'AHMAD YANI', '.', '0'),
(252, 'ALINUDIN ', '', ''),
(253, 'YAHYA', '', ''),
(254, 'RIDO AH HSB ', '', ''),
(255, 'MUHAMMAD RAMADHAN', '', ''),
(256, 'EDDY HERYANTO ', '', ''),
(257, 'KAMARUDDIN ', '', ''),
(258, 'BAMBANG WIDJANARKO ', '', ''),
(259, 'yuliana timur ', '', ''),
(260, 'MAIRI HENDRA ', '', ''),
(261, 'AGUSTAM ', '', ''),
(262, 'ROHMAN RUDI HANDOYO ', '.', '0'),
(263, 'LIM LINA WATI ', '.', '0'),
(264, 'JUMIARTI ', '.', '0'),
(265, 'SYAMSIR ', '.', '0'),
(266, 'ISNAWATI ', '.', '0'),
(267, 'SYAMSIAH ', '.', '0'),
(268, 'SALIM AR ', '.', '0'),
(269, 'HAMDANI A ', '.', '0'),
(270, 'RUDI YANTO ', '.', '0'),
(271, 'RISKA JAYANTI ', '.', '0'),
(272, 'AHMAD YANI ', '.', '0'),
(273, 'ASMUNIR ', '.', '0'),
(274, 'SITI AISYAH ', '.', '0'),
(275, 'FAJAR WINANGUN ', '.', '0'),
(276, 'AMRI.AS', '.', '0'),
(277, 'MAHRUB AYUB ', '.', '0'),
(278, 'EKA HARDANI ARIE ', '.', '.'),
(279, 'NURHANI ', '.', '.'),
(280, 'DEBY NOFRIYADI', '.', '.'),
(281, 'STIVE NICO HAULUSSY', '.', '.'),
(282, 'MARIO ', '.', '0'),
(283, 'YURNALIS', '', ''),
(284, 'IRZA YENNI', '', ''),
(285, 'HENDRIATI', '', ''),
(286, 'GUSTIN', '', ''),
(287, 'GUSPIN', '', ''),
(288, 'M.FEBRIZAL', '', ''),
(289, 'NYONYA YURNALIS / NYONYA IRZA YENNI CS ', '', ''),
(290, 'TUAN, SAYVIDIN/ TUAN SUMADI ', '', ''),
(291, 'NYONYA ARNI YANTI / TUAN.MUHAMMAD IQBAL ', '', ''),
(292, 'Muhammad,erawati/nia redmiati ,nia heniyati', '', ''),
(293, 'SAYVIDIN,/ SUMADI  ', '', ''),
(294, 'WITA MULYA / SUHENDRI ', '', ''),
(295, 'ANDRI YURIKO / SATRIA PERI', '', ''),
(296, 'ANDRI YURIKO /SATRIA PERI ', '', ''),
(297, 'ARIF RAHMAN / SAIHU', '', ''),
(298, 'ARIF RAHMAN / SAIHU', '', ''),
(299, 'SENEN WIYONO / SUSANTI', '', ''),
(300, 'ARMANSYAH LUBIS / SUTOMO ', '', ''),
(301, 'HANDI YUNITA / SUKARNO ', '', ''),
(302, 'MARLINA / SUKARNO ', '', ''),
(303, 'WARDI / SIGIT HARIYADI', '', ''),
(304, 'ZULBANI', 'KOTA BARU', '085357037620'),
(305, 'DRS MULYADI', '', ''),
(306, 'TUAN AHMAD DEKY ZURAHMI / NYONYA RITA ZAHARA ', '', ''),
(307, 'NYONYA RATIH KUMALA / NONA RIZEFHANIDA', '', ''),
(308, 'TUAN ANDRIAS EFFENDI / TUAN NOVI SUSANTO ', '', ''),
(309, 'NYONYA YUNIAR / TUAN AMINNUDIN', '', ''),
(310, 'TUAN M.SALEH ', '', ''),
(311, 'NYONYA MISNAWATI / TUAN KLIWON ', '', ''),
(312, 'BELQIS WARISA TANZIL', '', ''),
(313, 'NYONYA MISNAWATI ', '', ''),
(314, 'TUAN ZAINUDIN HAJI ZAKARIA / TUAN MUHAMMAD SANUSI ', '', ''),
(315, 'P. DIAN', '', ''),
(316, 'Tuan.SAMSIR / Tuan.SOPIAN, Tuan SANUBI', '', ''),
(317, 'Tuan.SAMSIR / Tuan.SOPIAN, Tuan SANUBI', '', ''),
(318, 'Tuan.SAMSIR / Tuan.SOPIAN, Tuan SANUBI', '', ''),
(319, 'Tuan.SAMSIR / Tuan.SOPIAN, Tuan SANUBI', '', ''),
(320, 'Tuan.SAMSIR / Tuan.SOPIAN, Tuan SANUBI', '', ''),
(321, 'Tuan.SAMSIR / Tuan.SOPIAN, Tuan SANUBI', '', ''),
(322, 'Tuan.SAMSIR / Tuan.SOPIAN, Tuan SANUBI', '', ''),
(323, 'Tuan SAKIMAH / TUAN MAT MUKTI ', '', ''),
(324, 'TUAN SAMSU / TUAN DARANI ', '', ''),
(325, 'Tuan samsir / Tuan Sopian', '', ''),
(326, 'Nyonya Sulastri / Tuan Darwin ', '', ''),
(327, 'Nyonya Nyimas Hasanah / Nyonya ELOE Madjid', '', ''),
(328, 'TUAN ASMUNI / TUAN AGUSTINUS MANIHURUK ', '', ''),
(329, 'TUAN ASMUNI / TUAN BONAR MANIHURUK', '', ''),
(330, 'elmita', '', ''),
(331, 'ELMITA', '', ''),
(332, 'GAFARMIN', '', ''),
(333, 'AHMAD ALBAR', '', ''),
(334, 'SILVIA MAYA WULANDARI', '', ''),
(335, 'ERNIDA', '', ''),
(336, 'FAIZAH ALMUHDOR', '', ''),
(337, 'ABDUL KADIR', '', ''),
(338, 'Tuan. Ferianto / Tuan. Liga Yanto', '', ''),
(339, 'NYONYA HANI / TUAN SIGIT HARIYADI', '', ''),
(340, 'NYONYA NURDA ISWATI / TUAN DASMENSYAH SYAIR', '', ''),
(341, 'NYONYA SARIFAH LAWALATA / NYONYA ROSSY RISOPHA ', '', ''),
(342, 'NYONYA RATIH KUMALA / NONA RIZFHANIDA', '', ''),
(343, 'TUAN FERIANTO / TUAN LIGA YANTO ', '', ''),
(344, 'NYONYA WITA MULYA / TUAN SUHENDRI ', '', ''),
(345, 'NYONYA SUPARMIYATI / TUAN TOTO.W ', '', ''),
(346, 'TUAN KATSURI / TUAN GUNANDAR ', '', ''),
(347, 'TUAN SUKAMTO / NYONYA IDAH MAIDAH ', '', ''),
(348, 'TUAN ASMARA / TUAN HOLIDI ', '', ''),
(349, 'NYONYA PARWIYAH / NYONYA WARTI ', '', ''),
(350, 'TUAN MASCIK / NYONYA ERMAWATI ', '', ''),
(351, 'TUAN BAMBANG HARIYANTO / NYONYA LISNAWATI / TUAN SARKONI ', '', ''),
(352, 'TUAN AHMAD YANI / TUAN KURNIADI ', '', ''),
(353, 'TUAN AHMAD YANI / TUAN KURNIADI ', '', ''),
(354, 'NYONYA KURNIA DINANTI / NYONYA NITA DWI RAHAYU DAULAI ', '', ''),
(355, 'NYONYA MARSELA / TUAN IDHAM MAULANA ', '', ''),
(356, 'TUAN JANIARTO / NYONYA MONIKA RAHAYU / TUAN ADI WICAKSONO', '', ''),
(357, 'TUAN DJOHAN ALATAS OEIJ / TUAN ANDI ALATAS ', '', ''),
(358, 'TUAN DJOHAN ALATAS OEIJ / TUAN ANDI ALATAS ', '', ''),
(359, 'TUAN ANDREAS HUATTANTO / TUAN EKO RAHMIKO ', '', ''),
(360, 'NYONYA NOVISCA PUTRI WULANDARI / TUAN HERMAWAN ', '', ''),
(361, 'NYONYA YUSMAWATI / TUAN DESI SUPRIYANTO / TUAN JUBRI ', '', ''),
(362, 'NYONYA AISYAH JUNED / TUAN WINARNO SOEWANDI ', '', ''),
(363, 'NYONYA SULASTRI / TUAN DARWIN ', '', ''),
(364, 'TUAN H.ZAILANI / TUAN SUYANTONO.SE', '', ''),
(365, 'TUAN H.ZAILLANI / TUAN SUYANTONO ', '', ''),
(366, 'TUAN TUGIO / TUAN SUYANTONO,SE', '', ''),
(367, 'TUAN SUTANTO / TUAN SUYANTONO,SE', '', ''),
(368, 'sastia', 'jambi', '085357037620');

-- --------------------------------------------------------

--
-- Struktur dari tabel `pemberi`
--

CREATE TABLE `pemberi` (
  `id` int(11) NOT NULL,
  `pemberi` int(11) NOT NULL,
  `ppat` int(11) NOT NULL
) ENGINE=InnoDB DEFAULT CHARSET=latin1;

--
-- Dumping data untuk tabel `pemberi`
--

INSERT INTO `pemberi` (`id`, `pemberi`, `ppat`) VALUES
(1, 15, 1),
(2, 15, 2),
(3, 1, 2),
(4, 1, 3),
(5, 17, 3),
(8, 15, 5),
(9, 1, 5),
(10, 20, 6),
(11, 15, 7),
(12, 20, 7),
(35, 20, 8),
(36, 19, 8),
(37, 15, 4),
(38, 1, 4),
(39, 1, 9),
(40, 19, 9),
(43, 142, 11),
(44, 142, 12),
(45, 144, 13),
(46, 145, 13),
(47, 126, 10),
(48, 148, 14),
(49, 149, 14),
(50, 136, 15),
(51, 152, 16),
(52, 153, 16),
(53, 156, 17),
(54, 157, 17),
(55, 136, 18),
(56, 159, 18),
(57, 160, 19),
(58, 161, 19),
(66, 171, 23),
(67, 172, 23),
(68, 173, 24),
(69, 174, 24),
(70, 173, 25),
(71, 174, 25),
(72, 177, 26),
(73, 179, 26),
(74, 180, 27),
(75, 181, 27),
(76, 183, 28),
(77, 185, 28),
(78, 183, 29),
(79, 185, 29),
(80, 183, 30),
(81, 185, 30),
(82, 183, 31),
(83, 185, 31),
(84, 173, 32),
(85, 174, 32),
(86, 173, 33),
(87, 174, 33),
(88, 189, 34),
(89, 190, 34),
(90, 90, 35),
(91, 193, 35),
(92, 194, 36),
(93, 197, 37),
(94, 198, 37),
(95, 90, 38),
(96, 200, 38),
(97, 153, 39),
(98, 152, 39),
(99, 168, 22),
(100, 96, 22),
(101, 167, 22),
(102, 162, 20),
(103, 163, 20),
(104, 202, 40),
(105, 203, 40),
(109, 173, 42),
(110, 174, 42),
(111, 173, 43),
(112, 174, 43),
(113, 173, 44),
(114, 174, 44),
(115, 173, 45),
(116, 174, 45),
(117, 173, 46),
(118, 174, 46),
(119, 173, 47),
(120, 174, 47),
(121, 173, 48),
(122, 174, 48),
(123, 173, 49),
(124, 174, 49),
(125, 173, 50),
(126, 174, 50),
(127, 173, 51),
(128, 174, 51),
(129, 173, 52),
(130, 174, 52),
(131, 173, 53),
(132, 174, 53),
(133, 173, 54),
(134, 174, 54),
(135, 165, 21),
(136, 173, 55),
(137, 174, 55),
(138, 173, 56),
(139, 174, 56),
(140, 206, 57),
(141, 207, 57),
(142, 208, 57),
(143, 209, 57),
(144, 173, 58),
(145, 174, 58),
(146, 173, 59),
(147, 174, 59),
(148, 173, 60),
(149, 174, 60),
(150, 173, 61),
(151, 174, 61),
(152, 173, 62),
(153, 174, 62),
(154, 204, 41),
(155, 203, 41),
(156, 202, 41),
(157, 173, 63),
(158, 174, 63),
(159, 173, 64),
(160, 174, 64),
(161, 173, 65),
(162, 174, 65),
(163, 173, 66),
(164, 174, 66),
(165, 173, 67),
(166, 174, 67),
(167, 173, 68),
(168, 174, 68),
(169, 173, 69),
(170, 174, 69),
(171, 51, 70),
(172, 173, 71),
(173, 174, 71),
(174, 173, 72),
(175, 174, 72),
(176, 173, 73),
(177, 174, 73),
(178, 173, 74),
(179, 174, 74),
(180, 173, 75),
(181, 174, 75),
(182, 173, 76),
(183, 174, 76),
(184, 173, 77),
(185, 174, 77),
(186, 173, 78),
(187, 174, 78),
(188, 173, 79),
(189, 174, 79),
(190, 173, 80),
(191, 174, 80),
(192, 173, 81),
(193, 174, 81),
(194, 173, 82),
(195, 174, 82),
(196, 173, 83),
(197, 174, 83),
(198, 136, 84),
(199, 159, 84),
(200, 262, 85),
(201, 264, 85);

-- --------------------------------------------------------

--
-- Struktur dari tabel `penerima`
--

CREATE TABLE `penerima` (
  `id` int(11) NOT NULL,
  `penerima` int(11) NOT NULL,
  `ppat` int(11) NOT NULL
) ENGINE=InnoDB DEFAULT CHARSET=latin1;

--
-- Dumping data untuk tabel `penerima`
--

INSERT INTO `penerima` (`id`, `penerima`, `ppat`) VALUES
(1, 1, 1),
(2, 17, 2),
(3, 15, 3),
(8, 15, 5),
(9, 18, 5),
(10, 19, 6),
(11, 1, 7),
(12, 20, 7),
(28, 20, 8),
(29, 18, 8),
(30, 19, 4),
(31, 18, 9),
(34, 34, 11),
(35, 34, 12),
(36, 147, 13),
(37, 141, 10),
(38, 150, 14),
(39, 151, 15),
(40, 154, 16),
(41, 155, 17),
(42, 158, 18),
(43, 35, 19),
(48, 171, 23),
(49, 175, 24),
(50, 176, 25),
(51, 33, 26),
(52, 57, 27),
(53, 104, 28),
(54, 103, 29),
(55, 102, 30),
(56, 102, 31),
(57, 186, 32),
(58, 188, 33),
(59, 191, 34),
(60, 60, 35),
(61, 26, 36),
(62, 28, 37),
(63, 60, 38),
(64, 201, 39),
(65, 38, 22),
(66, 56, 20),
(67, 204, 40),
(69, 221, 42),
(70, 220, 43),
(71, 220, 44),
(72, 220, 45),
(73, 219, 46),
(74, 219, 47),
(75, 219, 48),
(76, 218, 49),
(77, 217, 50),
(78, 216, 51),
(79, 215, 52),
(80, 214, 53),
(81, 213, 54),
(82, 166, 21),
(83, 212, 55),
(84, 211, 56),
(85, 135, 57),
(86, 232, 58),
(87, 231, 59),
(88, 230, 60),
(89, 229, 61),
(90, 228, 62),
(91, 205, 41),
(92, 227, 63),
(93, 226, 64),
(94, 225, 65),
(95, 224, 66),
(96, 223, 67),
(97, 222, 68),
(98, 214, 69),
(99, 95, 70),
(100, 244, 71),
(101, 243, 72),
(102, 242, 73),
(103, 241, 74),
(104, 240, 75),
(105, 239, 76),
(106, 238, 77),
(107, 237, 78),
(108, 236, 79),
(109, 235, 80),
(110, 235, 81),
(111, 234, 82),
(112, 233, 83),
(113, 249, 84),
(114, 263, 85);

-- --------------------------------------------------------

--
-- Struktur dari tabel `pengorder`
--

CREATE TABLE `pengorder` (
  `id` int(11) NOT NULL,
  `nama` varchar(50) NOT NULL,
  `alamat` text NOT NULL,
  `hp` varchar(13) NOT NULL
) ENGINE=InnoDB DEFAULT CHARSET=latin1;

--
-- Dumping data untuk tabel `pengorder`
--

INSERT INTO `pengorder` (`id`, `nama`, `alamat`, `hp`) VALUES
(1, 'Pengorder1', 'asdasdasd', '0293343'),
(4, 'Pengorder4', '', '09384934'),
(5, 'waluyo', '', '9999'),
(6, 'BANG SIGIT ', '', '081274735725'),
(7, 'PAK ZUL ', '', '081266662233'),
(8, 'IBU YANTI BPN', '', ''),
(9, 'ANDI NAJEMI', '', ''),
(10, 'BANG TRIS ', '', ''),
(11, 'PAKDE ( SUKARNO)', '', ''),
(12, 'PAK FATUR', '', ''),
(13, 'SANDI ', '', ''),
(14, 'JON PEMDA', '', ''),
(15, 'SAMUN KANTOR', '', ''),
(16, 'ZAHARA', '', ''),
(17, 'PAK HAPIS KANTOR', '', ''),
(18, 'ZAHARA', '', ''),
(19, 'kantor', '', ''),
(20, 'JALIUS', '', ''),
(21, 'ADE', '', ''),
(22, 'UMUM ', '', ''),
(23, 'UMUM (HARTO)', '', ''),
(24, 'UMUM (EDY)', '', ''),
(25, 'HERI TENTARA', '', ''),
(26, 'BANG FERY', '', ''),
(27, 'BANG ANGGA', '', ''),
(28, 'KANTOR', '', ''),
(29, 'ANDI BPN', '', ''),
(30, 'ANTA', '', ''),
(31, 'JHON/ BOS', '', ''),
(32, 'UMUM', '', ''),
(33, 'UMUM (BOS)', '', ''),
(34, 'NOTARIS ZUL', '', ''),
(35, 'NOTARIS ZUL', '', ''),
(36, 'ROBI', '', ''),
(37, 'BANG ANGGA', '', ''),
(38, 'SANDI ', '', ''),
(39, 'PAK FATUR', '', ''),
(40, 'POLISI', '', ''),
(41, 'MEGA', '', ''),
(42, 'kandardir', '', ''),
(43, 'pak beni ', '', ''),
(44, 'IBU DEWI', '', ''),
(45, 'MUAMALAT', '', ''),
(46, 'BRI UMUM BN', '', ''),
(47, 'handi yunita', '', ''),
(48, 'M.SALEH', '', ''),
(49, 'HJ.ANDI RESKI BASO', '', ''),
(50, 'SASMIAR', '', ''),
(51, 'IHSAN', '', ''),
(52, 'Alimudin', '', ''),
(53, 'ngadiman', '', ''),
(54, 'azizah', '', ''),
(55, 'a.jaelani', '', ''),
(56, 'indra wati cs ', '', ''),
(57, 'siti rusiah', '', ''),
(58, 'z abidin ', '', ''),
(59, 'ardo hardyan saputra', '', ''),
(60, 'johan sowayo', '', ''),
(61, 'sudarmi', '', ''),
(62, 'romanda adila', '', ''),
(63, 'aida wati', '', ''),
(64, 'TRESLA YUH RMAN', '', ''),
(65, 'SURATNO', '', ''),
(66, 'RUSNAH', '', ''),
(67, 'ENDAH DWI ARIYANTI', '', ''),
(68, 'SANSU KOMAR', '', ''),
(69, 'HENDRI YANTO ', '', ''),
(70, 'SAHAT H SIREGAR', '', ''),
(71, 'KARMINAH CS', '', ''),
(72, 'TOMI OSCAR', '', ''),
(73, 'Umar gani', '', ''),
(74, 'Pak agung', '', ''),
(75, 'Amrilah', '', ''),
(76, 'Anifral', '', ''),
(77, 'Hafis aima', '', ''),
(78, 'Deni fuadi', '', ''),
(79, 'Handi yunita', '', ''),
(80, 'Ifan wirata', '', ''),
(81, 'ANDREAS HUTANTANTO', '', ''),
(82, 'HAFIDZH AIMA', '', ''),
(83, 'BUJANG HARI', '', ''),
(84, 'HJ RUSIAH', '', ''),
(85, 'zul karnain', '', ''),
(86, 'mundir', '', ''),
(87, 'imran ', '', ''),
(88, 'marjohan', '', ''),
(89, 'dawud', '', ''),
(90, 'ayima hendra', '', ''),
(91, 'surbakti', '', ''),
(92, 'kuswati', '', ''),
(93, 'hafidzh aima', '', ''),
(94, 'misno', '', ''),
(95, 'halomoan samosir', '', ''),
(96, 'yanto', '', ''),
(97, 'ariyanto', '', ''),
(98, 'bri syariah', '', ''),
(99, 'ngadiyah', '', ''),
(100, 'pt pantasirul', '', ''),
(101, 'nurman umar', '', ''),
(102, 'hasan', '', ''),
(103, 'suparti', '', ''),
(104, 'amrik', '', ''),
(105, 'muhammad fadli irawan', '', ''),
(106, 'samsul bahri', '', ''),
(107, 'marlina', '', ''),
(108, 'hendri yanto', '', ''),
(109, 'susanto', '', ''),
(110, 'syaiful', '', ''),
(111, 'rosnani', '', ''),
(112, 'abubakar umar', '', ''),
(113, 'sismanto', '', ''),
(114, 'tamsiah', '', ''),
(115, 'muhammad aning', '', ''),
(116, 'retno', '', ''),
(117, 'bero masenem', '', ''),
(118, 'ivan wirata', '', ''),
(119, 'lukman manalu', '', ''),
(120, 'alinuddin pulungan', '', ''),
(121, 'masdi iliyas', '', ''),
(122, 'pak jabar', '', ''),
(123, 'o', '', ''),
(124, 'muhammad saleh', '', ''),
(125, 'aria ginanjar', '', ''),
(126, 'yakub', '', ''),
(127, 'agri', '', ''),
(128, 'ANTHON RIZALMAN ', '', ''),
(129, 'ZAKARIA ANSORI ', '', ''),
(130, 'ZAINAL MUTAQIN ', '', ''),
(131, 'AZAN WAHYULI', '', ''),
(132, 'AMRIN', '', ''),
(133, 'ERMASDON', '', ''),
(134, 'JUMADI', '', ''),
(135, 'MUH AFANDI ', '', ''),
(136, 'LILIK APRIYANTO ', '', ''),
(137, 'saelan', '', ''),
(138, 'ahmad tarmizi', '', ''),
(139, 'tarmizi', '', ''),
(140, 'CHERMAN LODY ', '', ''),
(141, 'bang iik', '', ''),
(142, 'SUKARNO', 'LR.SRIWIJAYA', '0'),
(143, 'TOIPAH ', 'LR. SRIWIJAYA', '0'),
(144, 'TOIPAH ', 'LR. SRIWIJAYA', '0'),
(145, 'HALIMAH', 'JL.M.HUSNI ', '0'),
(146, 'HALIMAH', 'JL.M.HUSNI ', '0'),
(147, 'HALIMAH', 'JL.M.HUSNI ', '0'),
(148, 'HALIMAH', 'JL.M.HUSNI ', '0'),
(149, 'IBU DESI', '0', '0'),
(150, 'pakcik', '', ''),
(151, 'WISMA', '', ''),
(152, 'WISMA', '', ''),
(153, 'WISMA', '', ''),
(154, 'HAMISYAH', '', ''),
(155, 'BTPN ', '', '08199449'),
(156, 'HJ YURNALIS', '', ''),
(157, 'ARDIANSYAH GUNAWAN ', '', ''),
(158, 'SIGIT HARIYADI / WARDI ', '', ''),
(159, 'ZST HARYANTO DOSEN', 'KOTA BARU', '085357037620'),
(160, 'BERKAS DOSEN', '', '085357037620'),
(161, 'ZAITUN NILA', '', ''),
(162, 'AGUS DINAR', '', ''),
(163, 'PAK MUHDIAN', '', ''),
(164, 'PAK NUH', '', ''),
(165, 'PAK RUDI A TAUFIK', '', ''),
(166, 'siti jariya', 'jambi', '085357037620');

-- --------------------------------------------------------

--
-- Struktur dari tabel `ppat`
--

CREATE TABLE `ppat` (
  `id` int(11) NOT NULL,
  `pengorder` int(11) NOT NULL,
  `no_akta` varchar(10) NOT NULL,
  `tgl_akta` date NOT NULL,
  `hukum` varchar(10) NOT NULL,
  `jenis_hak` varchar(50) NOT NULL,
  `letak` varchar(50) NOT NULL,
  `luas_tanah` int(8) NOT NULL,
  `luas_bangunan` int(8) NOT NULL,
  `harga` varchar(20) NOT NULL,
  `nop_tahun` varchar(50) NOT NULL,
  `njop` varchar(20) NOT NULL,
  `jml_ssb` int(20) NOT NULL,
  `tgl_ssb` date NOT NULL,
  `jml_ssp` varchar(20) NOT NULL,
  `tgl_ssp` date NOT NULL
) ENGINE=InnoDB DEFAULT CHARSET=latin1;

--
-- Dumping data untuk tabel `ppat`
--

INSERT INTO `ppat` (`id`, `pengorder`, `no_akta`, `tgl_akta`, `hukum`, `jenis_hak`, `letak`, `luas_tanah`, `luas_bangunan`, `harga`, `nop_tahun`, `njop`, `jml_ssb`, `tgl_ssb`, `jml_ssp`, `tgl_ssp`) VALUES
(10, 141, '17', '2021-02-10', '', 'Akta Jual Beli ', 'Tangkit ', 562, 0, '58.000000', '15.05.070.001.001-0865.0', '2023200', 0, '2021-02-15', '1450000000', '2021-02-11'),
(12, 28, '10', '2021-01-26', '', 'Akta Jual Beli ', 'Mendalo darat', 120, 0, '100000000', '15.05.010.051.005-1293.0', '41988000', 2000000, '2021-01-26', '2500000', '2021-01-26'),
(13, 141, '12', '2021-02-02', '', 'Akta Jual Beli ', 'Mendalo darat', 142, 0, '100000000', '15.05.010.051.002-2583.0', '27268000', 2000000, '2021-01-02', '2500000000', '2021-01-02'),
(14, 141, '13', '2021-02-02', '', 'Akta Jual Beli ', 'TANGKIT BARU ', 12061, 0, '70000000', '15.05.070.002.001-0031.0', '60305000', 500000, '2021-01-01', '1750000', '2021-01-20'),
(15, 11, '16', '2021-02-04', '', 'Akta Jual Beli ', 'MUARO PIJOAN ', 294, 0, '12000000', '15.05.010.058.001-0153.0', '2102100', 0, '2021-05-02', '300000', '2021-02-05'),
(16, 28, '353', '2020-12-22', '', 'Akta Jual Beli ', 'SAKEAN', 20792, 0, '80000000', '15.05.030.011.001-0289.0', '50940400', 1000000, '2020-12-21', '2000000', '2020-12-21'),
(17, 28, '323', '2020-11-19', '', 'Akta Jual Beli ', 'SAKEAN', 8839, 0, '44195000', '15.05.030.011.002-1198.0', '44195000', 0, '2020-09-18', '1104875', '2020-09-18'),
(18, 11, '339', '2020-12-11', '', 'Akta Jual Beli ', 'MUARO PIJOAN ', 293, 0, '12000000', '15.05.010.058.003-0495.0', '1465000', 0, '2020-04-12', '300000', '2020-12-12'),
(19, 28, '11', '2021-01-26', '', 'Akta Jual Beli ', 'KEDEMANGAN', 1060, 0, '70000000', '15.05.010.061.001-0307.0', '10600000', 500000, '2021-01-18', '1750000', '2021-01-28'),
(20, 1, '9', '2021-01-25', '', 'Akta Jual Beli ', 'MENDALO INDAH ', 127, 36, '90000000', '15.05.010.065.001-1735.0', '40042000', 1500000, '2021-01-14', '2250000', '2021-01-25'),
(21, 28, '48', '2020-03-16', '', 'Akta Jual Beli ', 'PEMATANG GAJAH ', 2099, 0, '40000000', '15.05.010.064.005-0817.0', '75564000', 0, '2021-02-17', '1000000', '2021-02-17'),
(22, 1, '8', '2021-01-25', '', 'Akta Jual Beli ', 'MENDALO INDAH ', 589, 0, '100000000', '15.05.010.065.001-1751.0', '13986000', 2000000, '2021-01-14', '2500000', '0000-00-00'),
(23, 28, '01', '2021-01-07', '', 'Akta Jual Beli ', 'KASANG LOPAK ALAI', 946, 0, '47300000', '15.05.030.017.001-1558.0', '3311000', 0, '2020-12-17', '1182500', '2021-01-08'),
(24, 149, '369', '2020-12-23', '', 'Akta Jual Beli ', 'KASANG PUDAK ', 98, 36, '140000000', '15.05.030.018.001-6648.0', '35294', 4000000, '2020-12-04', '1400000', '2020-12-15'),
(25, 149, '355', '2020-12-23', '', 'Akta Jual Beli ', 'KASANG PUDAK ', 142, 36, '140000000', '15.05.030.018.001-6635.0', '39826', 4000000, '2020-12-04', '1400000', '2020-12-14'),
(26, 28, '334', '2020-12-01', '', 'Akta Jual Beli ', 'Mendalo darat', 1005, 0, '150000000', '15.05.010.051.003-8022.0', '82410000', 4500000, '2021-02-18', '3750000', '2020-12-01'),
(27, 7, '349', '2020-12-16', '', 'Akta Jual Beli ', 'Muaro Sebapo', 10670, 0, '60000000', '15.05.020.024.002-0252.0', '53350000', 0, '2020-12-04', '1500000', '2020-12-17'),
(28, 28, '341', '2020-12-11', '', 'Akta Jual Beli ', 'Mendalo Indah ', 299, 0, '30000000', '15.05.010.065.001-1740.0', '4186.000', 0, '2020-12-04', '750000', '2020-12-08'),
(29, 28, '342', '2020-12-11', '', 'Akta Jual Beli ', 'MENDALO INDAH ', 400, 0, '60000000', '15.05.010.065.001-1741.0', '5600000', 0, '2020-12-04', '1000000', '2020-12-08'),
(30, 28, '340', '2020-12-11', '', 'Akta Jual Beli ', 'MENDALO INDAH ', 599, 0, '60000000', '15.05.010.065.001-1742.0', '8386000', 0, '2020-12-04', '1500000', '2020-12-06'),
(31, 28, '340', '2020-12-11', '', 'Akta Jual Beli ', 'MENDALO INDAH ', 599, 0, '60000000', '15.05.010.065.001-1742.0', '8386000', 0, '2020-12-04', '1500000', '2020-12-06'),
(32, 149, '389', '2020-12-23', '', 'Jual beli', 'KASANG PUDAK', 100, 36, '140000000', '15.05.030.018.001-6660.0', '35500000', 4000000, '2020-11-19', '1400000', '2020-12-15'),
(33, 149, '390', '2020-12-23', '', 'Akta Jual Beli ', 'KASANG PUDAK ', 100, 36, '140000000', '15.05.030.01800001-6663.0', '35500000', 4000000, '2020-12-19', '1400000', '2020-12-15'),
(34, 28, '15', '2021-02-04', '', 'Akta Jual Beli ', 'Tangkit ', 1002, 0, '80000000', '15.05.070.001.002-6863.0', '7164300', 1000000, '2020-04-26', '2000000', '2021-01-20'),
(35, 28, '2', '2021-01-07', '', 'Akta Jual Beli ', 'Mendalo darat', 500, 0, '50000000', '15.05.010.051.004-1031.0', '2500000', 0, '2020-09-24', '1250000', '2021-01-08'),
(36, 28, '354', '2021-02-19', '', 'Akta Jual Beli ', 'KASANG PUDAK ', 494, 0, '55000000', '15.05.030.018.001.6384', '3532100', 0, '2020-11-20', '1235000', '2021-12-21'),
(37, 28, '343', '2020-12-15', '', 'Akta Jual Beli ', 'BUKIT BALING', 289, 45, '70000000', '15.05.040.029.001.0505.0', '29665000', 500000, '2020-12-04', '1750000', '2020-12-08'),
(38, 28, '02', '2021-01-07', '', 'Akta Jual Beli ', 'Mendalo darat', 500, 0, '50000000', '15.05.010.051.004.1031.0', '2500000', 0, '2020-11-24', '1250000', '2021-01-08'),
(39, 28, '219', '2020-08-11', '', 'Akta Jual Beli ', 'SAKEAN', 20671, 0, '88885300', '15.05.030.011.001.0250', '50643950', 1444265, '2020-05-22', '222213300', '2020-06-13'),
(40, 28, '68', '2020-04-22', '', 'Akta Jual Beli ', 'Mendalo darat', 169, 192, '600000000', '15.05.010.051.002.2518.0', '212896000', 27000000, '2020-04-23', '15000000', '2020-04-23'),
(41, 1, '69', '2020-04-22', '', 'Akta Jual Beli ', 'Mendalo darat', 737, 581, '600000000', '15.05.010.051.002.2517.0', '463615000', 27000000, '2020-04-23', '1400000', '2020-04-23'),
(42, 149, '378', '2020-12-23', '', 'Akta Jual Beli ', 'KASANG PUDAK ', 106, 36, '140000000', '15.05.030.018.001.6639.0', '36118000', 4000000, '2020-12-04', '1400000', '2020-12-14'),
(43, 149, '379', '2020-12-23', '', 'Akta Jual Beli ', 'KASANG PUDAK ', 98, 36, '140000000', '15.05.030.018', '', 0, '2021-02-23', '', '2021-02-23'),
(44, 149, '379', '2020-12-23', '', 'Akta Jual Beli ', 'KASANG PUDAK ', 98, 36, '140000000', '15.05.030.018.001.6649.0', '35294000', 4000000, '2020-12-08', '1400000', '2020-12-15'),
(45, 149, '379', '2020-12-23', '', 'Akta Jual Beli ', 'KASANG PUDAK ', 98, 36, '140000000', '15.05.030.018.001.6649.0', '35294000', 4000000, '2020-12-08', '1400000', '2020-12-15'),
(46, 149, '380', '2020-12-23', '', 'Akta Jual Beli ', 'KASANG PUDAK ', 98, 36, '140000000', '15.05.030.018.001.6653.0', '35294000', 4000000, '2020-12-08', '1400000', '2020-12-15'),
(47, 149, '380', '2020-12-23', '', 'Akta Jual Beli ', 'KASANG PUDAK ', 98, 36, '140000000', '15.05.030.018.001.6653.0', '35294000', 4000000, '2020-12-10', '1400000', '2020-12-15'),
(48, 149, '380', '2020-12-23', '', 'Akta Jual Beli ', 'KASANG PUDAK ', 98, 36, '140000000', '15.05.030.018.001.6653.0', '35294000', 4000000, '2020-12-10', '1400000', '2020-12-15'),
(49, 28, '381', '2020-12-23', '', 'Akta Jual Beli ', 'KASANG PUDAK ', 98, 36, '140000000', '15.05.030.018.001.6654.0', '35294000', 4000000, '2020-08-10', '1400000', '2020-12-15'),
(50, 28, '382', '2020-12-23', '', 'Akta Jual Beli ', 'KASANG PUDAK ', 100, 36, '140000000', '15.05.030.018.001.6659.0', '35500000', 4000000, '2020-12-10', '1400000', '2020-12-14'),
(51, 28, '383', '2020-12-23', '', 'Akta Jual Beli ', 'KASANG PUDAK ', 126, 36, '140000000', '15.05.030.018.001.6671.0', '38178000', 4000000, '2020-12-04', '1400000', '2020-12-15'),
(52, 149, '384', '2020-12-23', '', 'Akta Jual Beli ', 'KASANG PUDAK ', 100, 36, '140000000', '15.05.030.018.001.6658.0', '35500000', 4000000, '2020-12-08', '1400000', '2020-12-15'),
(53, 149, '385', '2020-12-23', '', 'Akta Jual Beli ', 'KASANG PUDAK ', 101, 36, '140000000', '15.05.030.018.001.6664.0', '35603000', 4000000, '2020-12-10', '1400000', '2020-12-14'),
(54, 149, '386', '2020-12-23', '', 'Akta Jual Beli ', 'KASANG PUDAK ', 101, 36, '140000000', '15.05.030.018.001.6665.0', '35603000', 4000000, '2020-12-08', '1400000', '2021-02-25'),
(55, 149, '387', '2020-12-23', '', 'Akta Jual Beli ', 'KASANG PUDAK ', 100, 36, '140000000', '15.05.030.018.001.6657.0', '35500000', 4000000, '2020-12-08', '1400000', '2020-12-15'),
(56, 149, '388', '2020-12-23', '', 'Akta Jual Beli ', 'KASANG PUDAK ', 100, 36, '140000000', '15.05.030.018.001.6662.0', '35500000', 4000000, '2020-12-08', '1400000', '2020-12-15'),
(57, 28, '352', '2020-12-21', '', 'Akta Jual Beli ', 'PEMATANG GAJAH ', 305, 0, '20000000', '15.05.010.064.004.2432.0', '4270000', 0, '0000-00-00', '500000', '2020-12-21'),
(58, 149, '367', '2020-12-23', '', 'Akta Jual Beli ', 'KASANG PUDAK ', 128, 36, '140000000', '15.05.030.018.001.6670.0', '38384000', 4000000, '2020-12-10', '1400000', '2020-12-14'),
(59, 149, '368', '2020-12-23', '', 'Akta Jual Beli ', 'KASANG PUDAK ', 118, 36, '', '15.05.030.018.001.6640.0', '37354000', 4000000, '2020-12-15', '1400000', '2020-12-15'),
(60, 149, '356', '2020-12-23', '', 'Akta Jual Beli ', 'KASANG PUDAK ', 137, 36, '140000000', '15.05.030.018.001.6641.0', '39311000', 4000000, '2020-12-10', '1400000', '2020-12-15'),
(61, 149, '370', '2020-12-23', '', 'Akta Jual Beli ', 'KASANG PUDAK ', 98, 36, '140000000', '15.05.030.018.001.6651.0', '35294000', 4000000, '2020-12-10', '1400000', '2020-12-14'),
(62, 149, '371', '2020-12-23', '', 'Akta Jual Beli ', 'KASANG PUDAK ', 104, 36, '140000000', '15.05.030.018.001.6652.0', '35912000', 4000000, '2020-12-10', '1400000', '2020-12-15'),
(63, 149, '372', '2020-12-23', '', 'Akta Jual Beli ', 'KASANG PUDAK ', 105, 36, '140000000', '15.5.030.018.001.6643.0', '360150000', 4000000, '2020-12-10', '1400000', '2021-02-25'),
(64, 149, '373', '2020-12-23', '', 'Akta Jual Beli ', 'KASANG PUDAK ', 101, 36, '140000000', '15.05.030.018.001.6637.0', '35603000', 4000000, '2021-12-14', '1400000', '2020-12-15'),
(65, 149, '374', '2020-12-23', '', 'Akta Jual Beli ', 'KASANG PUDAK ', 98, 36, '140000000', '15.05.030.018.001.6650.0', '35294000', 4000000, '2020-12-10', '1400000', '2021-02-25'),
(66, 149, '375', '2020-12-23', '', 'Akta Jual Beli ', 'KASANG PUDAK ', 98, 36, '140000000', '15.05.030.018.001.6655.0', '35294000', 4000000, '2020-12-23', '1400000', '2020-12-15'),
(67, 149, '376', '2020-12-23', '', 'Akta Jual Beli ', 'KASANG PUDAK ', 98, 36, '140000000', '15.05.030.018.001.6656.0', '35294000', 4000000, '2020-12-10', '1400000', '2020-12-15'),
(68, 149, '377', '2020-12-23', '', 'Akta Jual Beli ', 'KASANG PUDAK ', 100, 36, '140000000', '15.05.030.018.001.6661.0', '35500000', 4000000, '2020-12-10', '1400000', '2020-12-15'),
(69, 149, '385', '2020-12-23', '', 'Akta Jual Beli ', 'KASANG PUDAK ', 101, 36, '140000000', '15.05.030.018.001.6664.0', '35603000', 4000000, '2020-12-08', '1400000', '2020-12-15'),
(70, 28, '19', '2021-02-18', '', 'Akta Jual Beli ', 'KASANG PUDAK ', 169, 45, '110000000', '15.05.070.013.001.6488.0', '36063000', 2500000, '2021-02-18', '2750000', '2021-02-20'),
(71, 149, '391', '2020-12-23', '', 'Akta Jual Beli ', 'KASANG PUDAK ', 127, 36, '140000000', '15.05.030.018.001.6672.0', '38281000', 4000000, '2020-12-04', '1400000', '2020-12-14'),
(72, 149, '392', '2020-12-23', '', 'Akta Jual Beli ', 'KASANG PUDAK ', 100, 36, '140000000', '15.05.030.018.001.6666.0', '35500000', 4000000, '2020-11-19', '1400000', '2020-12-15'),
(73, 149, '357', '2020-12-23', '', 'Akta Jual Beli ', 'KASANG PUDAK ', 130, 36, '140000000', '15.05.030.018.001.6646.0', '38590000', 4000000, '2020-12-04', '1400000', '2020-12-15'),
(74, 149, '358', '2020-12-23', '', 'Akta Jual Beli ', 'KASANG PUDAK ', 114, 36, '140000000', '15.05.030.018.001.6667.0', '36942000', 4000000, '2021-03-01', '1400000', '2020-12-12'),
(75, 149, '359', '2020-12-23', '', 'Akta Jual Beli ', 'KASANG PUDAK ', 113, 36, '140000000', '15.05.030.018.001.6668.0', '36839000', 4000000, '2020-12-10', '1400000', '2020-12-15'),
(76, 149, '360', '2020-12-23', '', 'Akta Jual Beli ', 'KASANG PUDAK ', 106, 36, '140000000', '15.05.030.018.001.6636.0', '36118000', 4000000, '2020-12-10', '1400000', '2020-12-14'),
(77, 149, '361', '2020-12-23', '', 'Akta Jual Beli ', 'KASANG PUDAK ', 102, 36, '140000000', '15.05.030.018.001.6638.0', '35706000', 4000000, '2020-12-04', '1400000', '2020-12-15'),
(78, 149, '362', '2020-12-23', '', 'Akta Jual Beli ', 'KASANG PUDAK ', 106, 36, '140000000', '15.05.030.018.001.6642.0', '36118000', 4000000, '2020-12-08', '1400000', '2020-12-15'),
(79, 149, '363', '2020-12-23', '', 'Akta Jual Beli ', 'KASANG PUDAK ', 103, 36, '140000000', '15.05.030.018.001.6644.0', '35809000', 4000000, '2020-12-04', '1400000', '2021-03-01'),
(80, 149, '364', '2020-12-23', '', 'A', '', 0, 0, '', '', '', 0, '2021-03-01', '', '2021-03-01'),
(81, 149, '364', '2020-12-23', '', 'Akta Jual Beli ', 'KASANG PUDAK ', 107, 36, '140000000', '15.05.030.018.001.6645.0', '36221000', 4000000, '2020-12-04', '1400000', '2020-12-15'),
(82, 149, '365', '2020-12-23', '', 'Akta Jual Beli ', 'KASANG PUDAK ', 102, 36, '140000000', '15.05.030.018.001.6647.0', '35706000', 4000000, '2020-12-04', '1400000', '2020-12-15'),
(83, 149, '366', '2020-12-23', '', 'Akta Jual Beli ', 'KASANG PUDAK ', 122, 36, '140000000', '15.05.030.018.001.6669.0', '37766000', 4000000, '2020-12-19', '1400000', '2020-12-15'),
(84, 11, '20', '2021-02-18', '', 'Akta Jual Beli ', 'MUARO PIJOAN ', 294, 0, '12000000', '15.05.010.058.001.0153.0', '2102100', 0, '2021-02-17', '300000', '2021-02-17'),
(85, 28, '325', '2020-09-19', '', 'A', 'SAKEAN ', 19732, 0, '98660000', '15.05.030.011.002.1203.0', '98660000', 1933000, '2020-09-10', '246650000', '2020-09-18');

-- --------------------------------------------------------

--
-- Struktur dari tabel `rekap`
--

CREATE TABLE `rekap` (
  `id` int(11) NOT NULL,
  `tgl_masuk` date NOT NULL,
  `no_urut` int(10) NOT NULL,
  `pengorder` int(11) NOT NULL,
  `data_sertifikat` varchar(100) NOT NULL,
  `status` varchar(50) NOT NULL,
  `tgl_keluar` date NOT NULL,
  `keterangan` text NOT NULL,
  `nb` text NOT NULL
) ENGINE=InnoDB DEFAULT CHARSET=latin1;

--
-- Dumping data untuk tabel `rekap`
--

INSERT INTO `rekap` (`id`, `tgl_masuk`, `no_urut`, `pengorder`, `data_sertifikat`, `status`, `tgl_keluar`, `keterangan`, `nb`) VALUES
(1, '2020-12-03', 1, 41, '281/Tanjung Lebar / An. Nurmayasri ', 'HT', '0000-00-00', '', 'Berkas masih di kantor'),
(3, '2020-12-02', 2, 41, '240/ Kasang Kumpeh / An. Edi junaidi ', 'HT', '0000-00-00', '', 'Berkas masih di kantor '),
(4, '2020-12-02', 3, 41, '305/Mendalo Darat / An. Ami Tolla ', 'HT', '0000-00-00', '', 'Berkas masih di kantor '),
(5, '2020-12-02', 4, 41, '733/ Talang Belido / An.Syaipudin  ', 'HT', '0000-00-00', '', 'Berkas masih di kantor '),
(6, '2020-12-02', 5, 51, '3530 / Mendalo Darat / An. Ihsan ', 'Balik nama', '0000-00-00', '', 'serifikat tidak ada di kantor '),
(7, '2020-12-02', 6, 52, '240 / Sekernan / An. Alimudin ', 'Balik nama', '0000-00-00', 'sertifikat ada di kantor', 'berkas belum lengkap '),
(8, '2020-12-02', 7, 53, '11375 / Tangkit / An. Ngadiman ', 'Turun waris', '0000-00-00', 'sertifikat masi proses turun waris d BPN', 'BPN'),
(9, '2020-12-02', 8, 54, '10768/ Tangkit / Azizah ', 'Balik Nama ', '0000-00-00', 'Berkas sudah selesai , sudah di ambil\r\n', ''),
(10, '2020-12-02', 9, 50, '5551 /  Mendalo Darat / An. Sasmiar ', '', '0000-00-00', 'berkas di bawak pak dhani untuk ttd\r\n', 'Sertifikat masih di kantor'),
(11, '2020-12-02', 10, 55, '701 / bukit subur / An. A jaelani ', '', '0000-00-00', 'Punya bos', 'Sertifikat tidak ada di kantor'),
(12, '2020-12-02', 11, 56, '4252 / Kasang Pudak / an. Indra Wati CS', 'Turun waris', '0000-00-00', '', 'Sertifikat masih di kantor'),
(13, '2020-12-02', 12, 57, '1730 / Mendalo Darat / An. Siti Rusiah ', 'Pemecahan', '0000-00-00', 'punya buk arzita', 'Sertifikat masih di kantor'),
(14, '2020-12-02', 13, 58, '119 / Tanjung Pauh km 32/ An. Z. Abidin ', '', '0000-00-00', '', ''),
(15, '2020-12-02', 14, 59, '01241 / Solok / An. Ardo Hardyan Saputra ', '', '0000-00-00', 'Sertifikat nitip', ''),
(16, '2020-12-02', 15, 60, '01658/ Mendalo Darat / An. Johan Sowayo ', '', '0000-00-00', '', ''),
(17, '2020-12-02', 16, 32, '8031 / Mendalo Darat / ATIYAH', '', '0000-00-00', 'PUNYA PENDETA \r\n', ''),
(18, '2020-12-02', 17, 61, '06007/ Sungai Duren /  an. Sudarmi ', '', '0000-00-00', 'Sertifikat  nitip', ''),
(19, '2020-12-02', 18, 62, '05580 // Kebun IX / an. Romanda Adila ', 'titipan', '0000-00-00', '', 'Sertifikat nitip'),
(20, '2020-12-02', 19, 63, '00409 / kedemangan / an. Aida Wati ', 'Balik Nama, ', '0000-00-00', 'PROSES  MASUK  UNTUK BN ', 'on prose ke bpn , '),
(21, '2020-12-02', 20, 42, '00196/ bukit baling / an. haznul sidki ', 'Balik Nama', '0000-00-00', 'masih dalam proses BPN\r\n', 'berkas sudah selesai sertifikat SUDAH  di ambil \r\n'),
(22, '2020-12-07', 21, 64, '12390 / MENDALO DARAT / AN. TRESSLA YUH RMAN ', 'Balik Nama', '0000-00-00', 'PROSES  BERKAS MASUK UNTUK BN ', 'proses ke bpn , '),
(23, '2020-12-07', 22, 65, '636 / PETALING / AN. SURATNO ', 'Balik Nama', '0000-00-00', 'BERKAS SUDAH DIAMBIL , SERTIFIKAT SUDAH DI AMBIL ', ''),
(24, '2020-12-07', 23, 66, '00312 / SENAUNG / AN. RUSNAH ', 'Balik Nama', '0000-00-00', 'BERKAS SUDAH DI AMBIL , SERTIFIKAT SUDAH DI AMBIL \r\n', ''),
(25, '2020-12-07', 24, 67, '14212 / TANGKIT / AN. ENDAH DWI ARIYANTI ', 'Balik Nama', '0000-00-00', '', 'sertifikat sudah di ambil \r\n'),
(26, '2020-12-07', 25, 15, '731 / SUKAMAJU / AN. SAMSU KOMAR ', 'Balik Nama', '0000-00-00', 'BERKAS SUDAH SELESAI \r\n', 'Sertifikat SUDAH DI AMBIL OLEH BAPAK JONI HANDA '),
(27, '2020-12-07', 26, 66, '0311/ SENAUNG / AN. RUSNAH ', 'Balik Nama', '0000-00-00', 'BERKAS SUDAH SELESAI , BERKAS SUDAH DI AMBIL ', ''),
(28, '2020-12-07', 27, 69, '04473 / PEMATANG GAJAH / AN. HENDRI YANTO ', 'Balik Nama', '0000-00-00', 'PAK AGUNG ', 'Sertifikat masih di kantor'),
(29, '2020-12-07', 28, 69, '04472 / PEMATANG GAJAH / AN. HENDRI YANTO ', 'Balik Nama', '0000-00-00', 'PAK AGUNG ', 'Sertifikat masih di berangkas'),
(30, '2020-12-07', 29, 70, '2273 / KEBUN IX / AN. SAHAT H.SIREGAR ', 'Balik Nama', '0000-00-00', 'berkas nya belum jelas \r\n', ''),
(31, '2020-12-07', 33, 71, '06807 / KEBUN IX / AN. KARMINAH CS ', 'Balik Nama', '0000-00-00', 'BERKAS SUDAH SELESAI , SERTIFIKAT SUDAH DI AMBIL ', ''),
(32, '2020-12-07', 34, 71, '853 / KEBUN IX / AN. KARMINAH CS ', 'Balik Nama', '0000-00-00', 'BERKAS SUDAH SELESAI , SERTIFIKAT SUDAH DI AMBIL ', ''),
(33, '2020-12-07', 35, 72, '239 / TEMPINO / AN. TOMI OSCAR ', 'Balik Nama', '0000-00-00', 'PAJAK PPH DAN BPHTB TELAH DI BAYAR ', 'PAJAK PPH DAN BPHTB TELAH  DI BAYAR '),
(34, '2020-12-07', 36, 81, '03098 / SUNGAI BERTAM / AN. ANDRREAS HUTANTANTO ', 'Balik Nama', '0000-00-00', 'BERKAS SUDAH SELESAI , SERTIFIKAT SUDAH DI AMBIL ', ''),
(35, '2020-12-07', 37, 82, '01773 / MENDALO INDAH / AN. M.HAFIDZ AIMA', 'Balik Nama', '0000-00-00', 'Berkas dan sertifikat ada di kantor ', 'menunggu konfirmasi dari pak dani '),
(36, '2020-12-07', 38, 82, '01774 / MENDALO INDAH / AN. M.HAFIDZH AIMA', 'Balik Nama', '0000-00-00', 'TITIPAN ', 'menunggu konfirmasi dari pak dani '),
(37, '2020-12-07', 39, 83, '8459 / MENDALO DARAT / AN. BUJANG HARI ', '', '0000-00-00', '', ''),
(38, '2020-12-07', 40, 84, '261 / KOTA KARANG / AN. HJ. NURSIAH ', '', '0000-00-00', 'TITIPAN ERWIN ', ''),
(39, '2020-12-07', 40, 85, '266 / KOTA KARANG / AN. ZULKARNAIN ', '', '0000-00-00', 'TITIPAN ERWIN ', ''),
(40, '2020-12-07', 42, 86, '1013 / ADIPURA KENCANA / AN.MUNDIR ', 'HT', '0000-00-00', 'SERTIFIKAT TELAH DI AMBIL  ', ''),
(41, '2020-12-07', 43, 87, '81 / TUNAS BARU / AN. IMRAN.M.D.', '', '0000-00-00', 'BANK BSM', ''),
(42, '2020-12-07', 44, 88, '405 / SEKERNAN / AN. MARJOHAN ', 'Balik Nama', '2020-12-07', 'SERTIFIKAT TELAH DI AMBIL ', ''),
(43, '2020-12-07', 45, 89, '00736 / SAKEAN / AN. DAWUD ', 'Balik Nama', '2020-12-07', 'BANK BSM ', ''),
(44, '2020-12-07', 46, 89, '00770 / SAKEAN / AN. DAWUD ', 'Balik Nama', '2020-12-07', 'BANK BSM', ''),
(45, '2020-12-07', 47, 90, '1545 / BUKIT BALING / AN. AYIMA HENDRA', 'Balik Nama', '2020-12-07', 'BERKAS SUDAH SELESAI SERTIFIKAT SUDAH DI AMBIL ', ''),
(46, '2020-12-07', 48, 91, '3182 / PASIR PUTIH / AN. D. SURBAKTI ', 'HT', '2020-12-07', 'sertifikat  ada di kantor', ''),
(47, '2020-12-07', 49, 92, '349 / UPT. SUNGAI BAHAR XIX ( SUMBERJAYA ) / AN. KUSWATI', 'Balik Nama', '2020-12-07', 'BERKAS SUDAH SELESAI SERTIFIKAT SUDAH DI AMBIL ', ''),
(48, '2020-12-07', 50, 133, '01916 / MENDALO INDAH / AN. HAFIDZH AIMA ', 'Balik Nama', '2020-12-07', 'sertifikat di kantor', 'berkas sudah selesai , sertifikat belum di ambil '),
(49, '2020-12-07', 51, 132, '01915/ MENDALO INDAH / AN. HAFIDZH AIMA ', 'Balik Nama, ', '2020-12-07', 'sertifikat masih di kantor', 'berkas sudah selesai , sertifikat belum di ambil '),
(50, '2020-12-07', 52, 131, '01913 / MENDALO INDAH / AN. HAFIDZH AIMA', 'Balik Nama, ', '2020-12-07', 'Sertifikat masih di kantor\r\n', 'sertifikat sudah selesai , berkas belum di ambil '),
(51, '2020-12-07', 54, 94, '04750/ KASANG PUDAK / AN. MISNO ', 'HIBAH', '2020-12-07', '', 'serifikat sudah di ambil oleh bapak anjas pada tanggal , 07-01-2021'),
(52, '2020-12-07', 55, 95, '735 / MUARAH KUMPEH / AN. HALOMOAN SAMOSIR ', 'Balik Nama', '2020-12-07', 'BERKAS SUDAH SELESAI , SERTIFIKAT SUDAH DI AMBIL HARI INI PADA TANGGAL 07-01-2021', ''),
(53, '2020-12-07', 56, 96, '16 / BUKIT BALING / AN. YANTO ', '', '2020-12-07', '', ''),
(54, '2020-12-07', 57, 97, '1833 / BUKIT BALING / AN. ARIYANTO ', 'Balik Nama', '2020-12-07', 'BERKAS SUDAH SELESAI SERTIFIKAT SUDAH DI AMBIL ', 'BANK MUAMALAT '),
(55, '2020-12-07', 58, 45, '215 / PIJOAN // AN. ABDULLAH .M.TR.DALON', '', '2020-12-07', '', 'BANK MUAMALAT'),
(56, '2020-12-07', 59, 98, '30 / SERASAH / AN. SUARDI BRI SYARIAH ', '', '2020-12-07', 'BRIS ', 'Sertifikat sudah di ambil pada tanggal senin  .04.01.2020'),
(57, '2020-12-07', 60, 99, '6363 / KASANG PUDAK / AN. NGADIYAH ', 'Balik Nama', '2020-12-07', 'TITIPAN ERWIN LIM ', ''),
(58, '2020-12-07', 61, 100, '00740 / KEBUN IX / AN. PT PANTASIRUL LEGUNG TIJA', 'Balik Nama', '2020-12-07', 'BELUM DI PROSES PUNYA ANTA ', ''),
(59, '2020-12-07', 62, 100, '00739 / KEBUN IX / AN. PT PANTASIRUL LEGUNG TIJA ', 'Balik Nama', '2020-12-07', 'BELUM DI PROSES BERKAS PUNYA ANTA ', ''),
(60, '2020-12-07', 65, 101, '1060 / MENDALO DARAT / AN. NURMAN UMAR ', 'Balik Nama', '2020-12-07', '', ''),
(61, '2020-12-07', 66, 102, '1514 / TEBING TINGGI / AN. HASAN ', 'Balik Nama', '2020-12-07', 'MANDIRI SUTOMO', ''),
(62, '2020-12-07', 67, 103, '1762 / PIJOAN / AN. SUPARTI ', 'Balik Nama', '2020-12-07', 'MANDIRI SUTOMO ', ''),
(63, '2020-12-07', 68, 104, '470 / SUKASARI / AN. AMRIK ', 'Balik Nama', '2020-12-07', 'BANK MANDIRI SUTOMO', ''),
(64, '2020-12-07', 70, 105, '2316 / MENDALO DARAT / MUHAMMAD FADLI IRWAN ', 'Balik Nama', '2020-12-07', 'berkas sudah selesai sertifikat belum di ambil \r\n\r\n', ''),
(65, '2020-12-07', 71, 106, '00504 / MEKAR JAYA / AN. SAMSUL BAHRI ', 'roya', '2020-12-07', 'PROSES ONLINE UNTUK BN ', ''),
(66, '2020-12-07', 72, 107, '01441/ SEBAPO / AN. MARLINA ', 'Balik Nama', '2020-12-07', 'SERTIFIKAT DI SIMPAN PAK DANI', ''),
(67, '2020-12-07', 75, 69, '04480 / PEMATANG GAJAH / AN. HENDRI YANTO ', 'Balik Nama', '2020-12-07', '', ''),
(68, '2020-12-07', 76, 69, '04475/ PEMATANG GAJAH / AN. HENDRIYANTO ', 'Balik Nama', '2020-12-07', 'PAK AGUNG', ''),
(69, '2020-12-07', 77, 69, '04476 / PEMATANG GAJAH / AN. HENDRI YANTO ', 'Balik Nama', '2020-12-07', 'PAK AGUNG ', ''),
(70, '2020-12-07', 78, 109, '5478/ MENDALO DARAT / AN. SUSANTO ', 'Balik Nama', '2020-12-07', '', 'SERTIFIKAT SUDAH SELESAI  DAN SUDAH DI AMBIL '),
(71, '2020-12-07', 80, 110, '03039 / BUKIT BALING / AN. SYAIFUL ', '', '2020-12-07', '', ''),
(72, '2020-12-07', 81, 111, '1173 / MENDALO INDAH / AN. ROSNANI ', 'Balik Nama', '2020-12-07', 'PAK JALIUS', 'nunggu bayar pajak'),
(73, '2020-12-07', 82, 112, '00560/ MAROH SEBO / AN. ABUBAKAR UMAR ', 'Balik Nama', '2020-12-07', 'BERKAS SUDAH SELESAI , SERTIFIKAT SUDAH DI AMBIL ', ''),
(74, '2020-12-07', 83, 113, '01853/ KASANG LOPAK ALAY / AN. SISMANTO ', 'Balik Nama', '2020-12-07', 'BERKAS SUDAH SELESAI SERTIFIKAT BELUM DI AMBIL', ''),
(75, '2020-12-07', 84, 114, '07285 / KASANG PUDAK / AN. TAMSIAH ', 'Balik Nama', '2020-12-07', '', ''),
(76, '2020-12-07', 85, 115, '1987/ BATANGHARI / AN. MUHAMMAD ANING', 'Balik Nama', '2020-12-07', 'BRIS ', ''),
(77, '2020-12-07', 88, 116, '5416 / SUAK PUKAT / AN. RETNO ', 'Balik Nama', '2020-12-07', 'MANDIRI SENGETI ', ''),
(78, '2020-12-07', 93, 117, '01283 / MENDALO INDAH / AN. BERO MASENEM ', 'Balik Nama', '2020-12-07', 'SEDANG ONLINE NTUK BN \r\n', 'SERTIFIKAT SUDAH SELESAI DAN SUDAH DI AMBIL '),
(79, '2020-12-07', 95, 118, '243 / DANAU LAMO  / AN. IVAN WIRATA', 'Balik Nama', '2020-12-07', 'MASALAH ', ''),
(80, '2020-12-07', 95, 32, '710 / MUARO SEBO ', '', '2020-12-07', '', ''),
(81, '2020-12-07', 97, 119, '01860/ KASANG LOPAK ALAI / AN. LUKMAN MANALU ', 'Balik Nama', '2020-12-07', 'KURANG BERKAS ', ''),
(82, '2020-12-10', 98, 47, '12187 / tangkit / an. HANDI YUNITA ', 'Balik Nama', '0000-00-00', 'PECAH / BN MENUNGGU KONFIRMASI PAK DANI ', 'PETUGAS PEKEJAAN : PAK SUKARNO '),
(83, '0000-00-00', 99, 48, '7424 /  MD / AN. M.SALEH', 'Balik Nama', '0000-00-00', 'PAK JABAR', ''),
(84, '0000-00-00', 100, 48, '7415 / MD / AN. M. SALEH', 'Balik Nama', '0000-00-00', 'PAK JABAR', ''),
(85, '0000-00-00', 101, 49, '00465 / SUNGAI DUREN / AN. HJ.ANDI RESKI BASO ', 'Balik Nama', '0000-00-00', 'PAK JABAR ', ''),
(86, '0000-00-00', 102, 49, '00466 / SEI DUREN / AN. HJ.ANDI RESKY BASO', 'Balik Nama', '0000-00-00', 'PAK JABAR', ''),
(87, '2020-12-14', 103, 1, 'shm no. 212/Pematang Slur / AN. LINDA NORA PURBA ', 'titipan', '2020-12-15', '', ''),
(88, '0000-00-00', 63, 73, '1628/ mendalo darat / an. Umar gani ', '', '0000-00-00', '', ''),
(89, '0000-00-00', 31, 74, '04474/ pematang gajah / an Hendriyanto ', '', '0000-00-00', 'Ajb tidak ada', ''),
(90, '2020-12-23', 108, 75, '04016/ simpang sungai duren / amrilah ', '', '2020-12-23', '', ''),
(91, '2020-12-23', 109, 75, '04017/ simpang sungai duren / amrillah ', '', '2020-12-23', '', ''),
(92, '2020-12-23', 0, 78, '11143/ tangkit / deni fuadi', '', '2020-12-23', 'Pph ? Menunggu konfirmasi dari pak dani ', ''),
(93, '0000-00-00', 107, 75, '04016/ simpang sungai duren ', 'Balik Nama ', '0000-00-00', '', ''),
(94, '2020-12-24', 104, 120, '13482 / mendalo darat / alinuddin pulungan ', '', '2020-12-24', 'BERKAS ADA MENUNGGU INFO DARI PAK DANI ', ''),
(95, '2020-12-24', 100, 121, '00706/ muaro sebapo / masdi ilyas ', '', '2020-12-24', '', ''),
(96, '2020-12-24', 106, 124, '7424/mendalo  darat / muhammad saleh ', '', '2020-12-24', '', ''),
(97, '2020-12-24', 105, 122, '00469 / simpang sungai duren / hj andi reski baso ', '', '2020-12-24', 'titip an ', ''),
(98, '2020-12-24', 31, 108, '04474 / PEMATANG GAJAH / AN. HENDRI YANTO ', 'Balik Nama', '2020-12-24', 'pak agung ', 'serifikat di kantor\r\n'),
(99, '2020-12-24', 110, 124, '07415/ mendalo darat / an. muhammad saleh', '', '2020-12-24', 'titip an pak jabar ', ''),
(100, '2020-12-24', 111, 125, '3204/ pematang gajah / an. aria ginanjar  ', '', '2020-12-24', '', ''),
(101, '2020-12-24', 112, 69, '4688/ pematang gajah / an. hendri yanto ', '', '2020-12-24', 'titip an pak agung ', ''),
(102, '2020-12-24', 113, 108, '4695/ pematang gajah / an. hendri yanto ', '', '2020-12-24', 'titip an pak agung ', ''),
(105, '2020-12-24', 115, 75, '04013/ simpang sungai duren / an. amrilah ', '', '2020-12-24', '', ''),
(106, '2020-12-24', 116, 126, '132/ penyengat olak / an. yakub cs .', '', '2020-12-24', '', ''),
(107, '2021-01-05', 106, 128, 'SHM.00506/  JAMBI TULO / AN. HIJRAH SYAHPUTRA ', 'PROSES MASUK BPHTB ', '0000-00-00', '', ''),
(108, '2021-01-05', 107, 128, 'SHM.00515 / JAMBI TULO / AN. SARBANI ', '', '0000-00-00', '', ''),
(109, '2021-01-05', 108, 129, 'SHM.01773 / MENDALO INDAH / M.HAVIDZH AIMA ', 'PROSES BPHTB ', '0000-00-00', '', ''),
(110, '2021-01-05', 109, 130, 'SHM.01774/ MENDALO INDAH / AN. M.HAVIDZH AIMA', 'PROSES BPHTB ', '0000-00-00', '', ''),
(111, '2021-01-18', 110, 136, '01278/ SUKA MAJU / AN. JAYANTHY KARTIKA SARI ', 'PROSES BPHTB ', '0000-00-00', 'PROSES ONLINE BPHTB ', ''),
(112, '2021-01-18', 111, 136, '01280/ SUKA MAJU / INDRA WATI K ', 'PROSES BPHTB ', '0000-00-00', '', ''),
(113, '2021-01-18', 112, 136, '01279 / SUKA MAJU / AN. HUSNI ', 'PROSES BPHTB ', '0000-00-00', 'PROSES ONLINE BPHTB \r\n', ''),
(116, '2021-01-21', 117, 49, '00469 / simang sungai duren an  hj. andi reski baso ', '', '0000-00-00', '', ''),
(117, '2021-01-22', 118, 137, 'shm.02921/ mekar jaya / an. saelan ', '02921', '0000-00-00', '', ''),
(118, '2021-01-22', 119, 137, 'shm.02918 / mekar jaya / an. saelan ', '02198', '0000-00-00', '', ''),
(119, '2021-01-22', 120, 137, 'shm.02920/ mekar jaya / an. saelan ', '02920', '0000-00-00', '', ''),
(120, '2021-01-22', 121, 137, 'shm.02919 / mekar jaya / an. saelan ', '02919', '0000-00-00', '', ''),
(121, '2021-01-22', 122, 137, 'shm.00550/ mekar jaya / an saelan ', '00550', '0000-00-00', '', ''),
(122, '2021-01-22', 123, 138, 'shm.04049 / simpang sungai duren / an. ahmad tarmizi ', '04049', '0000-00-00', '', ''),
(123, '2021-01-22', 124, 139, 'shm.1679/ simpang sungai duren / an. drs.tarmizi ', 'shm 1679', '0000-00-00', '', ''),
(124, '2021-02-08', 125, 121, 'SHM.00707 /  MUARO SEBAPO / AN. MASDI ILYAS ', 'Balik Nama', '2021-02-08', '', ''),
(125, '2021-02-23', 120, 1, 'SHM.07362 / PETALING JAYA AN. WISMA', '', '0001-01-01', '', ''),
(126, '2021-02-25', 121, 154, '446/ SUNGAI GELAM / HAMISYAH ', 'Turun waris', '0000-00-00', '', ''),
(127, '2021-03-03', 128, 156, 'SHM.01944 / MENDALO INDAH / AN. HJ.YURNALIS', '', '0000-00-00', '', ''),
(128, '2021-03-03', 129, 156, 'SHM.01945 / MENDALO INDAH / AN. HJ.YURNALIS ', '', '0000-00-00', '', ''),
(129, '2021-03-03', 130, 156, 'SHM 01943 / MENDALO INDAH / AN. HJ. YURNALIS ', '', '0000-00-00', '', ''),
(130, '2021-03-04', 131, 157, 'SHM.00891 /  KASANG LOPAK ALAI / AN. ARDIANSYAH GUNAWAN ', '', '0000-00-00', '', '');

--
-- Indexes for dumped tables
--

--
-- Indeks untuk tabel `admin`
--
ALTER TABLE `admin`
  ADD PRIMARY KEY (`id`);

--
-- Indeks untuk tabel `akta`
--
ALTER TABLE `akta`
  ADD PRIMARY KEY (`id`);

--
-- Indeks untuk tabel `berkas`
--
ALTER TABLE `berkas`
  ADD PRIMARY KEY (`id`);

--
-- Indeks untuk tabel `klien`
--
ALTER TABLE `klien`
  ADD PRIMARY KEY (`id`);

--
-- Indeks untuk tabel `pemberi`
--
ALTER TABLE `pemberi`
  ADD PRIMARY KEY (`id`);

--
-- Indeks untuk tabel `penerima`
--
ALTER TABLE `penerima`
  ADD PRIMARY KEY (`id`);

--
-- Indeks untuk tabel `pengorder`
--
ALTER TABLE `pengorder`
  ADD PRIMARY KEY (`id`);

--
-- Indeks untuk tabel `ppat`
--
ALTER TABLE `ppat`
  ADD PRIMARY KEY (`id`);

--
-- Indeks untuk tabel `rekap`
--
ALTER TABLE `rekap`
  ADD PRIMARY KEY (`id`);

--
-- AUTO_INCREMENT untuk tabel yang dibuang
--

--
-- AUTO_INCREMENT untuk tabel `akta`
--
ALTER TABLE `akta`
  MODIFY `id` int(11) NOT NULL AUTO_INCREMENT, AUTO_INCREMENT=78;

--
-- AUTO_INCREMENT untuk tabel `berkas`
--
ALTER TABLE `berkas`
  MODIFY `id` int(11) NOT NULL AUTO_INCREMENT, AUTO_INCREMENT=136;

--
-- AUTO_INCREMENT untuk tabel `klien`
--
ALTER TABLE `klien`
  MODIFY `id` int(11) NOT NULL AUTO_INCREMENT, AUTO_INCREMENT=369;

--
-- AUTO_INCREMENT untuk tabel `pemberi`
--
ALTER TABLE `pemberi`
  MODIFY `id` int(11) NOT NULL AUTO_INCREMENT, AUTO_INCREMENT=202;

--
-- AUTO_INCREMENT untuk tabel `penerima`
--
ALTER TABLE `penerima`
  MODIFY `id` int(11) NOT NULL AUTO_INCREMENT, AUTO_INCREMENT=115;

--
-- AUTO_INCREMENT untuk tabel `pengorder`
--
ALTER TABLE `pengorder`
  MODIFY `id` int(11) NOT NULL AUTO_INCREMENT, AUTO_INCREMENT=167;

--
-- AUTO_INCREMENT untuk tabel `ppat`
--
ALTER TABLE `ppat`
  MODIFY `id` int(11) NOT NULL AUTO_INCREMENT, AUTO_INCREMENT=86;

--
-- AUTO_INCREMENT untuk tabel `rekap`
--
ALTER TABLE `rekap`
  MODIFY `id` int(11) NOT NULL AUTO_INCREMENT, AUTO_INCREMENT=131;
COMMIT;

/*!40101 SET CHARACTER_SET_CLIENT=@OLD_CHARACTER_SET_CLIENT */;
/*!40101 SET CHARACTER_SET_RESULTS=@OLD_CHARACTER_SET_RESULTS */;
/*!40101 SET COLLATION_CONNECTION=@OLD_COLLATION_CONNECTION */;
